hand_count,Position,player_nickname,player_id,Stack,Profit
0,-1,Oogwhey,2bh5Tq53IL,500.0,0.0
1,#9,MS,5qVbrQw2gS,750.0,0.0
1,#4,Solstice,VE6CjkevP7,500.0,0.0
1,#2,AndrewE8,ychRcKVV_K,500.0,0.0
1,#1,AJB,G5tNeuz87W,500.0,0.0
2,#9,MS,5qVbrQw2gS,750.0,0.0
2,#4,Solstice,VE6CjkevP7,480.0,-20.0
2,#2,AndrewE8,ychRcKVV_K,520.0,20.0
2,#1,AJB,G5tNeuz87W,500.0,0.0
3,#9,MS,5qVbrQw2gS,735.0,-15.0
3,#4,Solstice,VE6CjkevP7,478.0,-22.0
3,#2,AndrewE8,ychRcKVV_K,520.0,20.0
3,#1,AJB,G5tNeuz87W,517.0,17.0
4,#9,MS,5qVbrQw2gS,733.0,-17.0
4,#4,Solstice,VE6CjkevP7,478.0,-22.0
4,#2,AndrewE8,ychRcKVV_K,520.0,20.0
4,#1,AJB,G5tNeuz87W,519.0,19.0
5,#9,MS,5qVbrQw2gS,733.0,-17.0
5,#4,Solstice,VE6CjkevP7,478.0,-22.0
5,#2,AndrewE8,ychRcKVV_K,522.0,22.0
5,#1,AJB,G5tNeuz87W,517.0,17.0
6,#9,MS,5qVbrQw2gS,733.0,-17.0
6,#4,Solstice,VE6CjkevP7,473.0,-27.0
6,#2,AndrewE8,ychRcKVV_K,520.0,20.0
6,#1,AJB,G5tNeuz87W,524.0,24.0
7,#9,MS,5qVbrQw2gS,845.0,95.0
7,#4,Solstice,VE6CjkevP7,361.0,-139.0
7,#3,g,ZLzUxKGvQY,750.0,0.0
7,#2,AndrewE8,ychRcKVV_K,520.0,20.0
7,#1,AJB,G5tNeuz87W,524.0,24.0
8,#9,MS,5qVbrQw2gS,843.0,93.0
8,#4,Solstice,VE6CjkevP7,395.0,-105.0
8,#3,g,ZLzUxKGvQY,723.0,-27.0
8,#2,AndrewE8,ychRcKVV_K,520.0,20.0
8,#1,AJB,G5tNeuz87W,519.0,19.0
9,#9,MS,5qVbrQw2gS,843.0,93.0
9,#4,Solstice,VE6CjkevP7,402.0,-98.0
9,#3,g,ZLzUxKGvQY,723.0,-27.0
9,#2,AndrewE8,ychRcKVV_K,515.0,15.0
9,#1,AJB,G5tNeuz87W,517.0,17.0
10,#9,MS,5qVbrQw2gS,843.0,93.0
10,#4,Solstice,VE6CjkevP7,402.0,-98.0
10,#3,g,ZLzUxKGvQY,718.0,-32.0
10,#2,AndrewE8,ychRcKVV_K,513.0,13.0
10,#1,AJB,G5tNeuz87W,524.0,24.0
11,#9,MS,5qVbrQw2gS,843.0,93.0
11,#4,Solstice,VE6CjkevP7,459.0,-41.0
11,#3,g,ZLzUxKGvQY,716.0,-34.0
11,#2,AndrewE8,ychRcKVV_K,513.0,13.0
11,#1,AJB,G5tNeuz87W,469.0,-31.0
12,#9,MS,5qVbrQw2gS,829.0,79.0
12,#4,Solstice,VE6CjkevP7,457.0,-43.0
12,#3,g,ZLzUxKGvQY,732.0,-18.0
12,#2,AndrewE8,ychRcKVV_K,513.0,13.0
12,#1,AJB,G5tNeuz87W,469.0,-31.0
13,#9,MS,5qVbrQw2gS,827.0,77.0
13,#4,Solstice,VE6CjkevP7,858.0,358.0
13,#3,g,ZLzUxKGvQY,353.0,-397.0
13,#2,AndrewE8,ychRcKVV_K,498.0,-2.0
13,#1,AJB,G5tNeuz87W,464.0,-36.0
14,#9,MS,5qVbrQw2gS,827.0,77.0
14,#4,Solstice,VE6CjkevP7,880.0,380.0
14,#3,g,ZLzUxKGvQY,338.0,-412.0
14,#2,AndrewE8,ychRcKVV_K,493.0,-7.0
14,#10,ADURRRR,cUjvHJzz-e,500.0,0.0
14,#1,AJB,G5tNeuz87W,462.0,-38.0
15,#9,MS,5qVbrQw2gS,827.0,77.0
15,#4,Solstice,VE6CjkevP7,880.0,380.0
15,#3,g,ZLzUxKGvQY,259.0,-491.0
15,#2,AndrewE8,ychRcKVV_K,491.0,-9.0
15,#10,ADURRRR,cUjvHJzz-e,500.0,0.0
15,#1,AJB,G5tNeuz87W,543.0,43.0
16,#9,MS,5qVbrQw2gS,827.0,77.0
16,#4,Solstice,VE6CjkevP7,882.0,382.0
16,#3,g,ZLzUxKGvQY,257.0,-493.0
16,#2,AndrewE8,ychRcKVV_K,491.0,-9.0
16,#10,ADURRRR,cUjvHJzz-e,500.0,0.0
16,#1,AJB,G5tNeuz87W,543.0,43.0
17,#9,MS,5qVbrQw2gS,822.0,72.0
17,#4,Solstice,VE6CjkevP7,880.0,380.0
17,#3,g,ZLzUxKGvQY,257.0,-493.0
17,#2,AndrewE8,ychRcKVV_K,491.0,-9.0
17,#10,ADURRRR,cUjvHJzz-e,500.0,0.0
17,#1,AJB,G5tNeuz87W,550.0,50.0
18,#9,MS,5qVbrQw2gS,820.0,70.0
18,#4,Solstice,VE6CjkevP7,880.0,380.0
18,#3,g,ZLzUxKGvQY,329.0,-421.0
18,#2,AndrewE8,ychRcKVV_K,491.0,-9.0
18,#10,ADURRRR,cUjvHJzz-e,495.0,-5.0
18,#1,AJB,G5tNeuz87W,485.0,-15.0
19,#9,MS,5qVbrQw2gS,703.0,-47.0
19,#4,Solstice,VE6CjkevP7,880.0,380.0
19,#3,g,ZLzUxKGvQY,294.0,-456.0
19,#2,AndrewE8,ychRcKVV_K,491.0,-9.0
19,#10,ADURRRR,cUjvHJzz-e,652.0,152.0
19,#1,AJB,G5tNeuz87W,480.0,-20.0
20,#9,MS,5qVbrQw2gS,703.0,-47.0
20,#5,alex,6_sDk2RBW8,750.0,0.0
20,#4,Solstice,VE6CjkevP7,880.0,380.0
20,#3,g,ZLzUxKGvQY,280.0,-470.0
20,#2,AndrewE8,ychRcKVV_K,486.0,-14.0
20,#10,ADURRRR,cUjvHJzz-e,652.0,152.0
20,#1,AJB,G5tNeuz87W,499.0,-1.0
21,#9,MS,5qVbrQw2gS,688.0,-62.0
21,#5,alex,6_sDk2RBW8,750.0,0.0
21,#4,Solstice,VE6CjkevP7,880.0,380.0
21,#3,g,ZLzUxKGvQY,347.0,-403.0
21,#2,AndrewE8,ychRcKVV_K,484.0,-16.0
21,#10,ADURRRR,cUjvHJzz-e,602.0,102.0
21,#1,AJB,G5tNeuz87W,499.0,-1.0
22,#9,MS,5qVbrQw2gS,622.0,-128.0
22,#5,alex,6_sDk2RBW8,750.0,0.0
22,#4,Solstice,VE6CjkevP7,875.0,375.0
22,#3,g,ZLzUxKGvQY,418.0,-332.0
22,#2,AndrewE8,ychRcKVV_K,484.0,-16.0
22,#10,ADURRRR,cUjvHJzz-e,602.0,102.0
22,#1,AJB,G5tNeuz87W,499.0,-1.0
23,#9,MS,5qVbrQw2gS,732.0,-18.0
23,#5,alex,6_sDk2RBW8,745.0,-5.0
23,#4,Solstice,VE6CjkevP7,873.0,373.0
23,#3,g,ZLzUxKGvQY,418.0,-332.0
23,#2,AndrewE8,ychRcKVV_K,484.0,-16.0
23,#10,ADURRRR,cUjvHJzz-e,602.0,102.0
23,#1,AJB,G5tNeuz87W,396.0,-104.0
24,#9,MS,5qVbrQw2gS,727.0,-23.0
24,#5,alex,6_sDk2RBW8,687.0,-63.0
24,#4,Solstice,VE6CjkevP7,873.0,373.0
24,#3,g,ZLzUxKGvQY,481.0,-269.0
24,#2,AndrewE8,ychRcKVV_K,484.0,-16.0
24,#10,ADURRRR,cUjvHJzz-e,602.0,102.0
24,#1,AJB,G5tNeuz87W,396.0,-104.0
25,#9,MS,5qVbrQw2gS,725.0,-25.0
25,#5,alex,6_sDk2RBW8,694.0,-56.0
25,#4,Solstice,VE6CjkevP7,873.0,373.0
25,#3,g,ZLzUxKGvQY,481.0,-269.0
25,#2,AndrewE8,ychRcKVV_K,484.0,-16.0
25,#10,ADURRRR,cUjvHJzz-e,597.0,97.0
25,#1,AJB,G5tNeuz87W,396.0,-104.0
26,#9,MS,5qVbrQw2gS,725.0,-25.0
26,#5,alex,6_sDk2RBW8,694.0,-56.0
26,#4,Solstice,VE6CjkevP7,873.0,373.0
26,#3,g,ZLzUxKGvQY,488.0,-262.0
26,#2,AndrewE8,ychRcKVV_K,484.0,-16.0
26,#10,ADURRRR,cUjvHJzz-e,595.0,95.0
26,#1,AJB,G5tNeuz87W,391.0,-109.0
27,#9,MS,5qVbrQw2gS,725.0,-25.0
27,#5,alex,6_sDk2RBW8,694.0,-56.0
27,#4,Solstice,VE6CjkevP7,873.0,373.0
27,#3,g,ZLzUxKGvQY,488.0,-262.0
27,#2,AndrewE8,ychRcKVV_K,486.0,-14.0
27,#10,ADURRRR,cUjvHJzz-e,595.0,95.0
27,#1,AJB,G5tNeuz87W,389.0,-111.0
28,#9,MS,5qVbrQw2gS,710.0,-40.0
28,#5,alex,6_sDk2RBW8,694.0,-56.0
28,#4,Solstice,VE6CjkevP7,873.0,373.0
28,#3,g,ZLzUxKGvQY,520.0,-230.0
28,#2,AndrewE8,ychRcKVV_K,484.0,-16.0
28,#10,ADURRRR,cUjvHJzz-e,595.0,95.0
28,#1,AJB,G5tNeuz87W,374.0,-126.0
29,#9,MS,5qVbrQw2gS,710.0,-40.0
29,#5,alex,6_sDk2RBW8,694.0,-56.0
29,#4,Solstice,VE6CjkevP7,868.0,368.0
29,#3,g,ZLzUxKGvQY,518.0,-232.0
29,#2,AndrewE8,ychRcKVV_K,491.0,-9.0
29,#10,ADURRRR,cUjvHJzz-e,595.0,95.0
29,#1,AJB,G5tNeuz87W,374.0,-126.0
30,#9,MS,5qVbrQw2gS,710.0,-40.0
30,#5,alex,6_sDk2RBW8,689.0,-61.0
30,#4,Solstice,VE6CjkevP7,878.0,378.0
30,#3,g,ZLzUxKGvQY,513.0,-237.0
30,#2,AndrewE8,ychRcKVV_K,491.0,-9.0
30,#10,ADURRRR,cUjvHJzz-e,595.0,95.0
30,#1,AJB,G5tNeuz87W,374.0,-126.0
31,#9,MS,5qVbrQw2gS,650.0,-100.0
31,#5,alex,6_sDk2RBW8,749.0,-1.0
31,#4,Solstice,VE6CjkevP7,878.0,378.0
31,#3,g,ZLzUxKGvQY,513.0,-237.0
31,#2,AndrewE8,ychRcKVV_K,491.0,-9.0
31,#10,ADURRRR,cUjvHJzz-e,595.0,95.0
31,#1,AJB,G5tNeuz87W,374.0,-126.0
32,#9,MS,5qVbrQw2gS,645.0,-105.0
32,#5,alex,6_sDk2RBW8,749.0,-1.0
32,#4,Solstice,VE6CjkevP7,878.0,378.0
32,#3,g,ZLzUxKGvQY,523.0,-227.0
32,#2,AndrewE8,ychRcKVV_K,491.0,-9.0
32,#10,ADURRRR,cUjvHJzz-e,590.0,90.0
32,#1,AJB,G5tNeuz87W,374.0,-126.0
33,#9,MS,5qVbrQw2gS,645.0,-105.0
33,#5,alex,6_sDk2RBW8,749.0,-1.0
33,#4,Solstice,VE6CjkevP7,851.0,351.0
33,#3,g,ZLzUxKGvQY,557.0,-193.0
33,#2,AndrewE8,ychRcKVV_K,491.0,-9.0
33,#10,ADURRRR,cUjvHJzz-e,588.0,88.0
33,#1,AJB,G5tNeuz87W,369.0,-131.0
34,#9,MS,5qVbrQw2gS,645.0,-105.0
34,#5,alex,6_sDk2RBW8,735.0,-15.0
34,#4,Solstice,VE6CjkevP7,851.0,351.0
34,#3,g,ZLzUxKGvQY,552.0,-198.0
34,#2,AndrewE8,ychRcKVV_K,486.0,-14.0
34,#10,ADURRRR,cUjvHJzz-e,574.0,74.0
34,#1,AJB,G5tNeuz87W,407.0,-93.0
35,#9,MS,5qVbrQw2gS,645.0,-105.0
35,#5,alex,6_sDk2RBW8,735.0,-15.0
35,#4,Solstice,VE6CjkevP7,851.0,351.0
35,#3,g,ZLzUxKGvQY,525.0,-225.0
35,#2,AndrewE8,ychRcKVV_K,484.0,-16.0
35,#10,ADURRRR,cUjvHJzz-e,574.0,74.0
35,#1,AJB,G5tNeuz87W,436.0,-64.0
36,#9,MS,5qVbrQw2gS,688.0,-62.0
36,#5,alex,6_sDk2RBW8,699.0,-51.0
36,#4,Solstice,VE6CjkevP7,846.0,346.0
36,#3,g,ZLzUxKGvQY,523.0,-227.0
36,#2,AndrewE8,ychRcKVV_K,484.0,-16.0
36,#10,ADURRRR,cUjvHJzz-e,574.0,74.0
36,#1,AJB,G5tNeuz87W,436.0,-64.0
37,#9,MS,5qVbrQw2gS,688.0,-62.0
37,#7,tefy,mfsSSCynd7,500.0,0.0
37,#5,alex,6_sDk2RBW8,794.0,44.0
37,#4,Solstice,VE6CjkevP7,844.0,344.0
37,#3,g,ZLzUxKGvQY,445.0,-305.0
37,#2,AndrewE8,ychRcKVV_K,469.0,-31.0
37,#10,ADURRRR,cUjvHJzz-e,574.0,74.0
37,#1,AJB,G5tNeuz87W,436.0,-64.0
38,#9,MS,5qVbrQw2gS,688.0,-62.0
38,#7,tefy,mfsSSCynd7,517.0,17.0
38,#5,alex,6_sDk2RBW8,792.0,42.0
38,#4,Solstice,VE6CjkevP7,844.0,344.0
38,#3,g,ZLzUxKGvQY,445.0,-305.0
38,#2,AndrewE8,ychRcKVV_K,454.0,-46.0
38,#10,ADURRRR,cUjvHJzz-e,574.0,74.0
38,#1,AJB,G5tNeuz87W,436.0,-64.0
38,-1,ADURRRR,cUjvHJzz-e,574.0,74.0
39,#9,MS,5qVbrQw2gS,683.0,-67.0
39,#7,tefy,mfsSSCynd7,515.0,15.0
39,#5,alex,6_sDk2RBW8,792.0,42.0
39,#4,Solstice,VE6CjkevP7,996.0,496.0
39,#3,g,ZLzUxKGvQY,445.0,-305.0
39,#2,AndrewE8,ychRcKVV_K,309.0,-191.0
39,#1,AJB,G5tNeuz87W,436.0,-64.0
40,#9,MS,5qVbrQw2gS,678.0,-72.0
40,#7,tefy,mfsSSCynd7,515.0,15.0
40,#5,alex,6_sDk2RBW8,792.0,42.0
40,#4,Solstice,VE6CjkevP7,996.0,496.0
40,#3,g,ZLzUxKGvQY,440.0,-310.0
40,#2,AndrewE8,ychRcKVV_K,309.0,-191.0
40,#1,AJB,G5tNeuz87W,446.0,-54.0
40,-1,Oogwhey,2bh5Tq53IL,500.0,0.0
41,#9,MS,5qVbrQw2gS,761.0,11.0
41,#7,tefy,mfsSSCynd7,503.0,3.0
41,#5,alex,6_sDk2RBW8,792.0,42.0
41,#4,Solstice,VE6CjkevP7,996.0,496.0
41,#3,g,ZLzUxKGvQY,440.0,-310.0
41,#2,AndrewE8,ychRcKVV_K,240.0,-260.0
41,#10,ADURRRR,cUjvHJzz-e,574.0,74.0
41,#1,AJB,G5tNeuz87W,444.0,-56.0
42,#9,MS,5qVbrQw2gS,761.0,11.0
42,#7,tefy,mfsSSCynd7,503.0,3.0
42,#5,alex,6_sDk2RBW8,819.0,69.0
42,#4,Solstice,VE6CjkevP7,996.0,496.0
42,#3,g,ZLzUxKGvQY,435.0,-315.0
42,#2,AndrewE8,ychRcKVV_K,238.0,-262.0
42,#10,ADURRRR,cUjvHJzz-e,567.0,67.0
42,#1,AJB,G5tNeuz87W,431.0,-69.0
43,#9,MS,5qVbrQw2gS,761.0,11.0
43,#8,8max,7XVNwQXMN4,1.0,0.0
43,#7,tefy,mfsSSCynd7,503.0,3.0
43,#6,8max1,oLknYeFeKc,1.0,0.0
43,#5,alex,6_sDk2RBW8,819.0,69.0
43,#4,Solstice,VE6CjkevP7,981.0,481.0
43,#3,g,ZLzUxKGvQY,433.0,-317.0
43,#2,AndrewE8,ychRcKVV_K,493.0,-7.0
43,#10,ADURRRR,cUjvHJzz-e,567.0,67.0
43,#1,AJB,G5tNeuz87W,193.0,-307.0
43,-1,8max1,oLknYeFeKc,1.0,0.0
43,-1,8max,7XVNwQXMN4,1.0,0.0
44,#9,MS,5qVbrQw2gS,746.0,-4.0
44,#7,tefy,mfsSSCynd7,503.0,3.0
44,#5,alex,6_sDk2RBW8,886.0,136.0
44,#4,Solstice,VE6CjkevP7,979.0,479.0
44,#3,g,ZLzUxKGvQY,433.0,-317.0
44,#2,AndrewE8,ychRcKVV_K,493.0,-7.0
44,#10,ADURRRR,cUjvHJzz-e,517.0,17.0
44,#1,AJB,G5tNeuz87W,193.0,-307.0
45,#9,MS,5qVbrQw2gS,746.0,-4.0
45,#7,tefy,mfsSSCynd7,498.0,-2.0
45,#5,alex,6_sDk2RBW8,884.0,134.0
45,#4,Solstice,VE6CjkevP7,462.0,-38.0
45,#3,g,ZLzUxKGvQY,433.0,-317.0
45,#2,AndrewE8,ychRcKVV_K,478.0,-22.0
45,#10,ADURRRR,cUjvHJzz-e,1056.0,556.0
45,#1,AJB,G5tNeuz87W,193.0,-307.0
46,#9,MS,5qVbrQw2gS,741.0,-9.0
46,#7,tefy,mfsSSCynd7,496.0,-4.0
46,#5,alex,6_sDk2RBW8,901.0,151.0
46,#4,Solstice,VE6CjkevP7,452.0,-48.0
46,#3,g,ZLzUxKGvQY,433.0,-317.0
46,#2,AndrewE8,ychRcKVV_K,478.0,-22.0
46,#10,ADURRRR,cUjvHJzz-e,1056.0,556.0
46,#1,AJB,G5tNeuz87W,193.0,-307.0
47,#9,MS,5qVbrQw2gS,739.0,-11.0
47,#7,tefy,mfsSSCynd7,496.0,-4.0
47,#5,alex,6_sDk2RBW8,901.0,151.0
47,#4,Solstice,VE6CjkevP7,452.0,-48.0
47,#3,g,ZLzUxKGvQY,433.0,-317.0
47,#2,AndrewE8,ychRcKVV_K,478.0,-22.0
47,#10,ADURRRR,cUjvHJzz-e,1031.0,531.0
47,#1,AJB,G5tNeuz87W,220.0,-280.0
48,#9,MS,5qVbrQw2gS,729.0,-21.0
48,#7,tefy,mfsSSCynd7,496.0,-4.0
48,#5,alex,6_sDk2RBW8,901.0,151.0
48,#4,Solstice,VE6CjkevP7,442.0,-58.0
48,#3,g,ZLzUxKGvQY,433.0,-317.0
48,#2,AndrewE8,ychRcKVV_K,478.0,-22.0
48,#10,ADURRRR,cUjvHJzz-e,1029.0,529.0
48,#1,AJB,G5tNeuz87W,242.0,-258.0
49,#9,MS,5qVbrQw2gS,714.0,-36.0
49,#7,tefy,mfsSSCynd7,481.0,-19.0
49,#5,alex,6_sDk2RBW8,886.0,136.0
49,#4,Solstice,VE6CjkevP7,927.0,-73.0
49,#3,g,ZLzUxKGvQY,418.0,-332.0
49,#2,AndrewE8,ychRcKVV_K,633.0,133.0
49,#10,ADURRRR,cUjvHJzz-e,1014.0,514.0
49,#1,AJB,G5tNeuz87W,177.0,-323.0
50,#9,MS,5qVbrQw2gS,714.0,-36.0
50,#7,tefy,mfsSSCynd7,503.0,3.0
50,#5,alex,6_sDk2RBW8,886.0,136.0
50,#4,Solstice,VE6CjkevP7,927.0,-73.0
50,#3,g,ZLzUxKGvQY,398.0,-352.0
50,#2,AndrewE8,ychRcKVV_K,631.0,131.0
50,#10,ADURRRR,cUjvHJzz-e,1014.0,514.0
50,#1,AJB,G5tNeuz87W,177.0,-323.0
51,#9,MS,5qVbrQw2gS,714.0,-36.0
51,#7,tefy,mfsSSCynd7,493.0,-7.0
51,#5,alex,6_sDk2RBW8,886.0,136.0
51,#4,Solstice,VE6CjkevP7,922.0,-78.0
51,#3,g,ZLzUxKGvQY,396.0,-354.0
51,#2,AndrewE8,ychRcKVV_K,631.0,131.0
51,#10,ADURRRR,cUjvHJzz-e,981.0,481.0
51,#1,AJB,G5tNeuz87W,227.0,-273.0
52,#9,MS,5qVbrQw2gS,714.0,-36.0
52,#7,tefy,mfsSSCynd7,493.0,-7.0
52,#5,alex,6_sDk2RBW8,881.0,131.0
52,#4,Solstice,VE6CjkevP7,941.0,-59.0
52,#3,g,ZLzUxKGvQY,382.0,-368.0
52,#2,AndrewE8,ychRcKVV_K,631.0,131.0
52,#10,ADURRRR,cUjvHJzz-e,981.0,481.0
52,#1,AJB,G5tNeuz87W,227.0,-273.0
53,#9,MS,5qVbrQw2gS,699.0,-51.0
53,#7,tefy,mfsSSCynd7,525.0,25.0
53,#5,alex,6_sDk2RBW8,879.0,129.0
53,#4,Solstice,VE6CjkevP7,941.0,-59.0
53,#3,g,ZLzUxKGvQY,367.0,-383.0
53,#2,AndrewE8,ychRcKVV_K,631.0,131.0
53,#10,ADURRRR,cUjvHJzz-e,981.0,481.0
53,#1,AJB,G5tNeuz87W,227.0,-273.0
54,#9,MS,5qVbrQw2gS,694.0,-56.0
54,#7,tefy,mfsSSCynd7,523.0,23.0
54,#5,alex,6_sDk2RBW8,879.0,129.0
54,#4,Solstice,VE6CjkevP7,714.0,-286.0
54,#3,g,ZLzUxKGvQY,367.0,-383.0
54,#2,AndrewE8,ychRcKVV_K,631.0,131.0
54,#10,ADURRRR,cUjvHJzz-e,981.0,481.0
54,#1,AJB,G5tNeuz87W,461.0,-39.0
55,#9,MS,5qVbrQw2gS,692.0,-58.0
55,#7,tefy,mfsSSCynd7,523.0,23.0
55,#5,alex,6_sDk2RBW8,879.0,129.0
55,#4,Solstice,VE6CjkevP7,714.0,-286.0
55,#3,g,ZLzUxKGvQY,367.0,-383.0
55,#2,AndrewE8,ychRcKVV_K,638.0,138.0
55,#10,ADURRRR,cUjvHJzz-e,976.0,476.0
55,#1,AJB,G5tNeuz87W,461.0,-39.0
56,#9,MS,5qVbrQw2gS,692.0,-58.0
56,#7,tefy,mfsSSCynd7,523.0,23.0
56,#5,alex,6_sDk2RBW8,886.0,136.0
56,#4,Solstice,VE6CjkevP7,714.0,-286.0
56,#3,g,ZLzUxKGvQY,367.0,-383.0
56,#2,AndrewE8,ychRcKVV_K,638.0,138.0
56,#10,ADURRRR,cUjvHJzz-e,974.0,474.0
56,#1,AJB,G5tNeuz87W,456.0,-44.0
57,#9,MS,5qVbrQw2gS,692.0,-58.0
57,#7,tefy,mfsSSCynd7,593.0,93.0
57,#5,alex,6_sDk2RBW8,886.0,136.0
57,#4,Solstice,VE6CjkevP7,714.0,-286.0
57,#3,g,ZLzUxKGvQY,804.0,-446.0
57,#2,AndrewE8,ychRcKVV_K,633.0,133.0
57,#10,ADURRRR,cUjvHJzz-e,974.0,474.0
57,#1,AJB,G5tNeuz87W,454.0,-46.0
58,#9,MS,5qVbrQw2gS,692.0,-58.0
58,#7,tefy,mfsSSCynd7,593.0,93.0
58,#5,alex,6_sDk2RBW8,886.0,136.0
58,#4,Solstice,VE6CjkevP7,714.0,-286.0
58,#3,g,ZLzUxKGvQY,1190.0,-60.0
58,#2,AndrewE8,ychRcKVV_K,631.0,131.0
58,#10,ADURRRR,cUjvHJzz-e,680.0,180.0
58,#1,AJB,G5tNeuz87W,364.0,-136.0
59,#9,MS,5qVbrQw2gS,692.0,-58.0
59,#7,tefy,mfsSSCynd7,593.0,93.0
59,#5,alex,6_sDk2RBW8,886.0,136.0
59,#4,Solstice,VE6CjkevP7,543.0,-457.0
59,#3,g,ZLzUxKGvQY,1188.0,-62.0
59,#2,AndrewE8,ychRcKVV_K,631.0,131.0
59,#10,ADURRRR,cUjvHJzz-e,680.0,180.0
59,#1,AJB,G5tNeuz87W,537.0,37.0
60,#9,MS,5qVbrQw2gS,692.0,-58.0
60,#7,tefy,mfsSSCynd7,593.0,93.0
60,#5,alex,6_sDk2RBW8,881.0,131.0
60,#4,Solstice,VE6CjkevP7,6.0,-994.0
60,#3,g,ZLzUxKGvQY,1173.0,-77.0
60,#2,AndrewE8,ychRcKVV_K,631.0,131.0
60,#10,ADURRRR,cUjvHJzz-e,680.0,180.0
60,#1,AJB,G5tNeuz87W,1094.0,594.0
60,-1,AJB,G5tNeuz87W,1094.0,594.0
61,#9,MS,5qVbrQw2gS,692.0,-58.0
61,#7,tefy,mfsSSCynd7,600.0,100.0
61,#5,alex,6_sDk2RBW8,879.0,129.0
61,#4,Solstice,VE6CjkevP7,1006.0,-994.0
61,#3,g,ZLzUxKGvQY,1173.0,-77.0
61,#2,AndrewE8,ychRcKVV_K,631.0,131.0
61,#10,ADURRRR,cUjvHJzz-e,675.0,175.0
62,#9,MS,5qVbrQw2gS,672.0,-78.0
62,#7,tefy,mfsSSCynd7,598.0,98.0
62,#5,alex,6_sDk2RBW8,879.0,129.0
62,#4,Solstice,VE6CjkevP7,1386.0,-1114.0
62,#3,g,ZLzUxKGvQY,1173.0,-77.0
62,#2,AndrewE8,ychRcKVV_K,611.0,111.0
62,#10,ADURRRR,cUjvHJzz-e,837.0,337.0
63,#9,MS,5qVbrQw2gS,559.0,-191.0
63,#7,tefy,mfsSSCynd7,598.0,98.0
63,#5,alex,6_sDk2RBW8,879.0,129.0
63,#4,Solstice,VE6CjkevP7,1386.0,-1114.0
63,#3,g,ZLzUxKGvQY,1291.0,41.0
63,#2,AndrewE8,ychRcKVV_K,611.0,111.0
63,#10,ADURRRR,cUjvHJzz-e,832.0,332.0
64,#9,MS,5qVbrQw2gS,544.0,-206.0
64,#7,tefy,mfsSSCynd7,583.0,83.0
64,#5,alex,6_sDk2RBW8,864.0,114.0
64,#4,Solstice,VE6CjkevP7,1371.0,-1129.0
64,#3,g,ZLzUxKGvQY,1388.0,138.0
64,#2,AndrewE8,ychRcKVV_K,591.0,91.0
64,#10,ADURRRR,cUjvHJzz-e,815.0,315.0
65,#9,MS,5qVbrQw2gS,699.0,-51.0
65,#7,tefy,mfsSSCynd7,583.0,83.0
65,#5,alex,6_sDk2RBW8,864.0,114.0
65,#4,Solstice,VE6CjkevP7,1251.0,-1249.0
65,#3,g,ZLzUxKGvQY,1383.0,133.0
65,#2,AndrewE8,ychRcKVV_K,561.0,61.0
65,#10,ADURRRR,cUjvHJzz-e,815.0,315.0
66,#9,MS,5qVbrQw2gS,699.0,-51.0
66,#7,tefy,mfsSSCynd7,583.0,83.0
66,#5,alex,6_sDk2RBW8,864.0,114.0
66,#4,Solstice,VE6CjkevP7,1246.0,-1254.0
66,#3,g,ZLzUxKGvQY,1311.0,61.0
66,#2,AndrewE8,ychRcKVV_K,638.0,138.0
66,#10,ADURRRR,cUjvHJzz-e,815.0,315.0
67,#9,MS,5qVbrQw2gS,699.0,-51.0
67,#7,tefy,mfsSSCynd7,583.0,83.0
67,#5,alex,6_sDk2RBW8,859.0,109.0
67,#4,Solstice,VE6CjkevP7,1321.0,-1179.0
67,#3,g,ZLzUxKGvQY,1241.0,-9.0
67,#2,AndrewE8,ychRcKVV_K,638.0,138.0
67,#10,ADURRRR,cUjvHJzz-e,815.0,315.0
68,#9,MS,5qVbrQw2gS,699.0,-51.0
68,#7,tefy,mfsSSCynd7,568.0,68.0
68,#5,alex,6_sDk2RBW8,857.0,107.0
68,#4,Solstice,VE6CjkevP7,1321.0,-1179.0
68,#3,g,ZLzUxKGvQY,1226.0,-24.0
68,#2,AndrewE8,ychRcKVV_K,670.0,170.0
68,#10,ADURRRR,cUjvHJzz-e,815.0,315.0
69,#9,MS,5qVbrQw2gS,694.0,-56.0
69,#7,tefy,mfsSSCynd7,598.0,98.0
69,#5,alex,6_sDk2RBW8,857.0,107.0
69,#4,Solstice,VE6CjkevP7,1301.0,-1199.0
69,#3,g,ZLzUxKGvQY,1221.0,-29.0
69,#2,AndrewE8,ychRcKVV_K,670.0,170.0
69,#10,ADURRRR,cUjvHJzz-e,815.0,315.0
69,-1,tefy,mfsSSCynd7,620.0,120.0
70,#9,MS,5qVbrQw2gS,692.0,-58.0
70,#5,alex,6_sDk2RBW8,857.0,107.0
70,#4,Solstice,VE6CjkevP7,1301.0,-1199.0
70,#3,g,ZLzUxKGvQY,1221.0,-29.0
70,#2,AndrewE8,ychRcKVV_K,670.0,170.0
70,#10,ADURRRR,cUjvHJzz-e,795.0,295.0
70,-1,tefy,mfsSSCynd7,620.0,120.0
71,#9,MS,5qVbrQw2gS,628.0,-122.0
71,#5,alex,6_sDk2RBW8,857.0,107.0
71,#4,Solstice,VE6CjkevP7,1280.0,-1220.0
71,#3,g,ZLzUxKGvQY,1221.0,-29.0
71,#2,AndrewE8,ychRcKVV_K,757.0,257.0
71,#10,ADURRRR,cUjvHJzz-e,793.0,293.0
72,#9,MS,5qVbrQw2gS,628.0,-122.0
72,#5,alex,6_sDk2RBW8,857.0,107.0
72,#4,Solstice,VE6CjkevP7,1280.0,-1220.0
72,#3,g,ZLzUxKGvQY,1216.0,-34.0
72,#2,AndrewE8,ychRcKVV_K,777.0,277.0
72,#10,ADURRRR,cUjvHJzz-e,778.0,278.0
72,#1,notj,XeSXhCfPVo,1000.0,0.0
73,#9,MS,5qVbrQw2gS,628.0,-122.0
73,#7,wind,tW-v9f49vQ,500.0,0.0
73,#5,alex,6_sDk2RBW8,845.0,95.0
73,#4,Solstice,VE6CjkevP7,1268.0,-1232.0
73,#3,g,ZLzUxKGvQY,1168.0,-82.0
73,#2,AndrewE8,ychRcKVV_K,777.0,277.0
73,#10,ADURRRR,cUjvHJzz-e,850.0,350.0
73,#1,notj,XeSXhCfPVo,1000.0,0.0
74,#9,MS,5qVbrQw2gS,628.0,-122.0
74,#7,wind,tW-v9f49vQ,507.0,7.0
74,#5,alex,6_sDk2RBW8,840.0,90.0
74,#4,Solstice,VE6CjkevP7,1266.0,-1234.0
74,#3,g,ZLzUxKGvQY,1168.0,-82.0
74,#2,AndrewE8,ychRcKVV_K,777.0,277.0
74,#10,ADURRRR,cUjvHJzz-e,850.0,350.0
74,#1,notj,XeSXhCfPVo,1000.0,0.0
75,#9,MS,5qVbrQw2gS,628.0,-122.0
75,#7,wind,tW-v9f49vQ,522.0,22.0
75,#5,alex,6_sDk2RBW8,825.0,75.0
75,#4,Solstice,VE6CjkevP7,1266.0,-1234.0
75,#3,g,ZLzUxKGvQY,1168.0,-82.0
75,#2,AndrewE8,ychRcKVV_K,777.0,277.0
75,#10,ADURRRR,cUjvHJzz-e,850.0,350.0
75,#1,notj,XeSXhCfPVo,1000.0,0.0
75,-1,ADURRRR,cUjvHJzz-e,850.0,350.0
76,#9,MS,5qVbrQw2gS,613.0,-137.0
76,#7,wind,tW-v9f49vQ,520.0,20.0
76,#5,alex,6_sDk2RBW8,825.0,75.0
76,#4,Solstice,VE6CjkevP7,1266.0,-1234.0
76,#3,g,ZLzUxKGvQY,1168.0,-82.0
76,#2,AndrewE8,ychRcKVV_K,794.0,294.0
76,#1,notj,XeSXhCfPVo,1000.0,0.0
77,#9,MS,5qVbrQw2gS,563.0,-187.0
77,#7,wind,tW-v9f49vQ,520.0,20.0
77,#5,alex,6_sDk2RBW8,825.0,75.0
77,#4,Solstice,VE6CjkevP7,1266.0,-1234.0
77,#3,g,ZLzUxKGvQY,1168.0,-82.0
77,#2,AndrewE8,ychRcKVV_K,794.0,294.0
77,#1,notj,XeSXhCfPVo,1050.0,50.0
78,#9,MS,5qVbrQw2gS,831.0,81.0
78,#7,wind,tW-v9f49vQ,520.0,20.0
78,#5,alex,6_sDk2RBW8,825.0,75.0
78,#4,Solstice,VE6CjkevP7,1248.0,-1252.0
78,#3,g,ZLzUxKGvQY,925.0,-325.0
78,#2,AndrewE8,ychRcKVV_K,789.0,289.0
78,#1,notj,XeSXhCfPVo,1048.0,48.0
79,#9,MS,5qVbrQw2gS,831.0,81.0
79,#7,wind,tW-v9f49vQ,445.0,-55.0
79,#5,alex,6_sDk2RBW8,812.0,62.0
79,#4,Solstice,VE6CjkevP7,1248.0,-1252.0
79,#3,g,ZLzUxKGvQY,920.0,-330.0
79,#2,AndrewE8,ychRcKVV_K,957.0,457.0
79,#1,notj,XeSXhCfPVo,973.0,-27.0
80,#9,MS,5qVbrQw2gS,831.0,81.0
80,#7,wind,tW-v9f49vQ,445.0,-55.0
80,#5,alex,6_sDk2RBW8,812.0,62.0
80,#4,Solstice,VE6CjkevP7,1230.0,-1270.0
80,#3,g,ZLzUxKGvQY,918.0,-332.0
80,#2,AndrewE8,ychRcKVV_K,957.0,457.0
80,#1,notj,XeSXhCfPVo,993.0,-7.0
81,#9,MS,5qVbrQw2gS,816.0,66.0
81,#7,wind,tW-v9f49vQ,445.0,-55.0
81,#5,alex,6_sDk2RBW8,807.0,57.0
81,#4,Solstice,VE6CjkevP7,1228.0,-1272.0
81,#3,g,ZLzUxKGvQY,918.0,-332.0
81,#2,AndrewE8,ychRcKVV_K,957.0,457.0
81,#1,notj,XeSXhCfPVo,1015.0,15.0
82,#9,MS,5qVbrQw2gS,816.0,66.0
82,#7,wind,tW-v9f49vQ,460.0,-40.0
82,#5,alex,6_sDk2RBW8,792.0,42.0
82,#4,Solstice,VE6CjkevP7,1228.0,-1272.0
82,#3,g,ZLzUxKGvQY,918.0,-332.0
82,#2,AndrewE8,ychRcKVV_K,957.0,457.0
82,#10,DPolkPN,IaIW3olpE5,1000.0,0.0
82,#1,notj,XeSXhCfPVo,1015.0,15.0
83,#9,MS,5qVbrQw2gS,811.0,61.0
83,#7,wind,tW-v9f49vQ,458.0,-42.0
83,#5,alex,6_sDk2RBW8,792.0,42.0
83,#4,Solstice,VE6CjkevP7,1448.0,-1052.0
83,#3,g,ZLzUxKGvQY,765.0,-485.0
83,#2,AndrewE8,ychRcKVV_K,897.0,397.0
83,#10,DPolkPN,IaIW3olpE5,1000.0,0.0
83,#1,notj,XeSXhCfPVo,1015.0,15.0
84,#9,MS,5qVbrQw2gS,809.0,59.0
84,#7,wind,tW-v9f49vQ,458.0,-42.0
84,#5,alex,6_sDk2RBW8,792.0,42.0
84,#4,Solstice,VE6CjkevP7,1448.0,-1052.0
84,#3,g,ZLzUxKGvQY,772.0,-478.0
84,#2,AndrewE8,ychRcKVV_K,897.0,397.0
84,#10,DPolkPN,IaIW3olpE5,995.0,-5.0
84,#1,notj,XeSXhCfPVo,1015.0,15.0
85,#9,MS,5qVbrQw2gS,794.0,44.0
85,#7,wind,tW-v9f49vQ,458.0,-42.0
85,#5,alex,6_sDk2RBW8,792.0,42.0
85,#4,Solstice,VE6CjkevP7,1448.0,-1052.0
85,#3,g,ZLzUxKGvQY,1272.0,-478.0
85,#2,AndrewE8,ychRcKVV_K,897.0,397.0
85,#10,DPolkPN,IaIW3olpE5,1070.0,70.0
85,#1,notj,XeSXhCfPVo,955.0,-45.0
86,#9,MS,5qVbrQw2gS,794.0,44.0
86,#7,wind,tW-v9f49vQ,458.0,-42.0
86,#5,alex,6_sDk2RBW8,792.0,42.0
86,#4,Solstice,VE6CjkevP7,1448.0,-1052.0
86,#3,g,ZLzUxKGvQY,1272.0,-478.0
86,#2,AndrewE8,ychRcKVV_K,892.0,392.0
86,#10,DPolkPN,IaIW3olpE5,1077.0,77.0
86,#1,notj,XeSXhCfPVo,953.0,-47.0
87,#9,MS,5qVbrQw2gS,614.0,-136.0
87,#7,wind,tW-v9f49vQ,444.0,-56.0
87,#5,alex,6_sDk2RBW8,792.0,42.0
87,#4,Solstice,VE6CjkevP7,1448.0,-1052.0
87,#3,g,ZLzUxKGvQY,1267.0,-483.0
87,#2,AndrewE8,ychRcKVV_K,890.0,390.0
87,#10,DPolkPN,IaIW3olpE5,1077.0,77.0
87,#1,notj,XeSXhCfPVo,1154.0,154.0
87,-1,AndrewE8,ychRcKVV_K,739.0,239.0
88,#9,MS,5qVbrQw2gS,602.0,-148.0
88,#7,wind,tW-v9f49vQ,444.0,-56.0
88,#5,alex,6_sDk2RBW8,780.0,30.0
88,#4,Solstice,VE6CjkevP7,1625.0,-875.0
88,#3,g,ZLzUxKGvQY,1265.0,-485.0
88,#10,DPolkPN,IaIW3olpE5,1077.0,77.0
88,#1,notj,XeSXhCfPVo,1154.0,154.0
89,#9,MS,5qVbrQw2gS,602.0,-148.0
89,#7,wind,tW-v9f49vQ,444.0,-56.0
89,#5,alex,6_sDk2RBW8,775.0,25.0
89,#4,Solstice,VE6CjkevP7,1623.0,-877.0
89,#3,g,ZLzUxKGvQY,1272.0,-478.0
89,#10,DPolkPN,IaIW3olpE5,1077.0,77.0
89,#1,notj,XeSXhCfPVo,1154.0,154.0
90,#9,MS,5qVbrQw2gS,602.0,-148.0
90,#7,wind,tW-v9f49vQ,430.0,-70.0
90,#5,alex,6_sDk2RBW8,773.0,23.0
90,#4,Solstice,VE6CjkevP7,1623.0,-877.0
90,#3,g,ZLzUxKGvQY,1288.0,-462.0
90,#10,DPolkPN,IaIW3olpE5,1077.0,77.0
90,#1,notj,XeSXhCfPVo,1154.0,154.0
91,#9,MS,5qVbrQw2gS,604.0,-146.0
91,#7,wind,tW-v9f49vQ,428.0,-72.0
91,#5,alex,6_sDk2RBW8,773.0,23.0
91,#4,Solstice,VE6CjkevP7,1623.0,-877.0
91,#3,g,ZLzUxKGvQY,1288.0,-462.0
91,#10,DPolkPN,IaIW3olpE5,1077.0,77.0
91,#1,notj,XeSXhCfPVo,1154.0,154.0
92,#9,MS,5qVbrQw2gS,602.0,-148.0
92,#7,wind,tW-v9f49vQ,428.0,-72.0
92,#5,alex,6_sDk2RBW8,773.0,23.0
92,#4,Solstice,VE6CjkevP7,1623.0,-877.0
92,#3,g,ZLzUxKGvQY,1289.0,-461.0
92,#10,DPolkPN,IaIW3olpE5,1078.0,78.0
92,#1,notj,XeSXhCfPVo,1154.0,154.0
93,#9,MS,5qVbrQw2gS,602.0,-148.0
93,#7,wind,tW-v9f49vQ,428.0,-72.0
93,#5,alex,6_sDk2RBW8,780.0,30.0
93,#4,Solstice,VE6CjkevP7,1623.0,-877.0
93,#3,g,ZLzUxKGvQY,1289.0,-461.0
93,#10,DPolkPN,IaIW3olpE5,1076.0,76.0
93,#1,notj,XeSXhCfPVo,1149.0,149.0
93,-1,AndrewE8,ychRcKVV_K,739.0,239.0
94,#9,MS,5qVbrQw2gS,602.0,-148.0
94,#7,wind,tW-v9f49vQ,398.0,-102.0
94,#5,alex,6_sDk2RBW8,780.0,30.0
94,#4,Solstice,VE6CjkevP7,1865.0,-635.0
94,#3,g,ZLzUxKGvQY,1079.0,-671.0
94,#10,DPolkPN,IaIW3olpE5,1076.0,76.0
94,#1,notj,XeSXhCfPVo,1147.0,147.0
95,#9,MS,5qVbrQw2gS,602.0,-148.0
95,#7,wind,tW-v9f49vQ,384.0,-116.0
95,#5,alex,6_sDk2RBW8,780.0,30.0
95,#4,Solstice,VE6CjkevP7,1851.0,-649.0
95,#3,g,ZLzUxKGvQY,1023.0,-727.0
95,#2,Jan,VC9j-XZw14,500.0,0.0
95,#10,DPolkPN,IaIW3olpE5,1076.0,76.0
95,#1,notj,XeSXhCfPVo,1231.0,231.0
96,#9,MS,5qVbrQw2gS,602.0,-148.0
96,#7,wind,tW-v9f49vQ,353.0,-147.0
96,#5,alex,6_sDk2RBW8,775.0,25.0
96,#4,Solstice,VE6CjkevP7,1849.0,-651.0
96,#3,g,ZLzUxKGvQY,1061.0,-689.0
96,#2,Jan,VC9j-XZw14,500.0,0.0
96,#10,DPolkPN,IaIW3olpE5,1076.0,76.0
96,#1,notj,XeSXhCfPVo,1231.0,231.0
97,#9,MS,5qVbrQw2gS,602.0,-148.0
97,#7,wind,tW-v9f49vQ,348.0,-152.0
97,#5,alex,6_sDk2RBW8,842.0,92.0
97,#4,Solstice,VE6CjkevP7,1849.0,-651.0
97,#3,g,ZLzUxKGvQY,1061.0,-689.0
97,#2,Jan,VC9j-XZw14,453.0,-47.0
97,#10,DPolkPN,IaIW3olpE5,1061.0,61.0
97,#1,notj,XeSXhCfPVo,1231.0,231.0
98,#9,MS,5qVbrQw2gS,646.0,-104.0
98,#7,wind,tW-v9f49vQ,346.0,-154.0
98,#5,alex,6_sDk2RBW8,810.0,60.0
98,#4,Solstice,VE6CjkevP7,1839.0,-661.0
98,#3,g,ZLzUxKGvQY,1061.0,-689.0
98,#2,Jan,VC9j-XZw14,453.0,-47.0
98,#10,DPolkPN,IaIW3olpE5,1061.0,61.0
98,#1,notj,XeSXhCfPVo,1231.0,231.0
99,#9,MS,5qVbrQw2gS,644.0,-106.0
99,#7,wind,tW-v9f49vQ,346.0,-154.0
99,#5,alex,6_sDk2RBW8,810.0,60.0
99,#4,Solstice,VE6CjkevP7,1839.0,-661.0
99,#3,g,ZLzUxKGvQY,2129.0,379.0
99,#2,Jan,VC9j-XZw14,453.0,-47.0
99,#10,DPolkPN,IaIW3olpE5,1056.0,56.0
99,#1,notj,XeSXhCfPVo,170.0,-830.0
100,#9,MS,5qVbrQw2gS,644.0,-106.0
100,#7,wind,tW-v9f49vQ,336.0,-164.0
100,#5,alex,6_sDk2RBW8,800.0,50.0
100,#4,Solstice,VE6CjkevP7,1879.0,-621.0
100,#3,g,ZLzUxKGvQY,2129.0,379.0
100,#2,Jan,VC9j-XZw14,453.0,-47.0
100,#10,DPolkPN,IaIW3olpE5,1046.0,46.0
100,#1,notj,XeSXhCfPVo,160.0,-840.0
101,#9,MS,5qVbrQw2gS,644.0,-106.0
101,#7,wind,tW-v9f49vQ,686.0,186.0
101,#5,alex,6_sDk2RBW8,788.0,38.0
101,#4,Solstice,VE6CjkevP7,1879.0,-621.0
101,#3,g,ZLzUxKGvQY,2129.0,379.0
101,#2,Jan,VC9j-XZw14,117.0,-383.0
101,#10,DPolkPN,IaIW3olpE5,1046.0,46.0
101,#1,notj,XeSXhCfPVo,1158.0,-842.0
102,#9,MS,5qVbrQw2gS,644.0,-106.0
102,#7,wind,tW-v9f49vQ,686.0,186.0
102,#5,alex,6_sDk2RBW8,788.0,38.0
102,#4,Solstice,VE6CjkevP7,1879.0,-621.0
102,#3,g,ZLzUxKGvQY,2124.0,374.0
102,#2,Jan,VC9j-XZw14,615.0,-385.0
102,#10,DPolkPN,IaIW3olpE5,1046.0,46.0
102,#1,notj,XeSXhCfPVo,1165.0,-835.0
103,#9,MS,5qVbrQw2gS,644.0,-106.0
103,#7,wind,tW-v9f49vQ,686.0,186.0
103,#5,alex,6_sDk2RBW8,777.0,27.0
103,#4,Solstice,VE6CjkevP7,1786.0,-714.0
103,#3,g,ZLzUxKGvQY,2228.0,478.0
103,#2,Jan,VC9j-XZw14,615.0,-385.0
103,#10,DPolkPN,IaIW3olpE5,1046.0,46.0
103,#1,notj,XeSXhCfPVo,1165.0,-835.0
104,#9,MS,5qVbrQw2gS,644.0,-106.0
104,#7,wind,tW-v9f49vQ,693.0,193.0
104,#5,alex,6_sDk2RBW8,772.0,22.0
104,#4,Solstice,VE6CjkevP7,1784.0,-716.0
104,#3,g,ZLzUxKGvQY,2228.0,478.0
104,#2,Jan,VC9j-XZw14,615.0,-385.0
104,#10,DPolkPN,IaIW3olpE5,1046.0,46.0
104,#1,notj,XeSXhCfPVo,1165.0,-835.0
105,#9,MS,5qVbrQw2gS,644.0,-106.0
105,#7,wind,tW-v9f49vQ,688.0,188.0
105,#5,alex,6_sDk2RBW8,770.0,20.0
105,#4,Solstice,VE6CjkevP7,1769.0,-731.0
105,#3,g,ZLzUxKGvQY,2679.0,929.0
105,#2,Jan,VC9j-XZw14,615.0,-385.0
105,#10,DPolkPN,IaIW3olpE5,1046.0,46.0
105,#1,notj,XeSXhCfPVo,736.0,-1264.0
106,#9,MS,5qVbrQw2gS,634.0,-116.0
106,#7,wind,tW-v9f49vQ,686.0,186.0
106,#5,alex,6_sDk2RBW8,770.0,20.0
106,#4,Solstice,VE6CjkevP7,1781.0,-719.0
106,#3,g,ZLzUxKGvQY,2679.0,929.0
106,#2,Jan,VC9j-XZw14,615.0,-385.0
106,#10,DPolkPN,IaIW3olpE5,1046.0,46.0
106,#1,notj,XeSXhCfPVo,736.0,-1264.0
107,#9,MS,5qVbrQw2gS,632.0,-118.0
107,#7,wind,tW-v9f49vQ,686.0,186.0
107,#5,alex,6_sDk2RBW8,770.0,20.0
107,#4,Solstice,VE6CjkevP7,1760.0,-740.0
107,#3,g,ZLzUxKGvQY,2679.0,929.0
107,#2,Jan,VC9j-XZw14,615.0,-385.0
107,#10,DPolkPN,IaIW3olpE5,1069.0,69.0
107,#1,notj,XeSXhCfPVo,736.0,-1264.0
107,-1,MS,5qVbrQw2gS,632.0,-118.0
108,#7,wind,tW-v9f49vQ,1374.0,874.0
108,#5,alex,6_sDk2RBW8,770.0,20.0
108,#4,Solstice,VE6CjkevP7,1760.0,-740.0
108,#3,g,ZLzUxKGvQY,2679.0,929.0
108,#2,Jan,VC9j-XZw14,615.0,-385.0
108,#10,DPolkPN,IaIW3olpE5,1067.0,67.0
108,#1,notj,XeSXhCfPVo,50.0,-1950.0
108,-1,alex,6_sDk2RBW8,770.0,20.0
109,#7,wind,tW-v9f49vQ,1374.0,874.0
109,#4,Solstice,VE6CjkevP7,1760.0,-740.0
109,#3,g,ZLzUxKGvQY,2674.0,924.0
109,#2,Jan,VC9j-XZw14,622.0,-378.0
109,#10,DPolkPN,IaIW3olpE5,1067.0,67.0
109,#1,notj,XeSXhCfPVo,48.0,-1952.0
110,#7,wind,tW-v9f49vQ,1374.0,874.0
110,#4,Solstice,VE6CjkevP7,1760.0,-740.0
110,#3,g,ZLzUxKGvQY,2669.0,919.0
110,#2,Jan,VC9j-XZw14,620.0,-380.0
110,#10,DPolkPN,IaIW3olpE5,1067.0,67.0
110,#1,notj,XeSXhCfPVo,55.0,-1945.0
110,-1,notj,XeSXhCfPVo,0.0,-2000.0
111,#7,wind,tW-v9f49vQ,1374.0,874.0
111,#4,Solstice,VE6CjkevP7,1755.0,-745.0
111,#3,g,ZLzUxKGvQY,2744.0,994.0
111,#2,Jan,VC9j-XZw14,620.0,-380.0
111,#10,DPolkPN,IaIW3olpE5,1052.0,52.0
112,#7,wind,tW-v9f49vQ,1494.0,994.0
112,#4,Solstice,VE6CjkevP7,1635.0,-865.0
112,#3,g,ZLzUxKGvQY,2744.0,994.0
112,#2,Jan,VC9j-XZw14,620.0,-380.0
112,#10,DPolkPN,IaIW3olpE5,1052.0,52.0
113,#7,wind,tW-v9f49vQ,1492.0,992.0
113,#5,notj,XeSXhCfPVo,1000.0,-2000.0
113,#4,Solstice,VE6CjkevP7,1496.0,-1004.0
113,#3,g,ZLzUxKGvQY,2744.0,994.0
113,#2,Jan,VC9j-XZw14,620.0,-380.0
113,#10,DPolkPN,IaIW3olpE5,1193.0,193.0
114,#7,wind,tW-v9f49vQ,1492.0,992.0
114,#5,notj,XeSXhCfPVo,1000.0,-2000.0
114,#4,Solstice,VE6CjkevP7,1496.0,-1004.0
114,#3,g,ZLzUxKGvQY,2785.0,1035.0
114,#2,Jan,VC9j-XZw14,615.0,-385.0
114,#10,DPolkPN,IaIW3olpE5,1157.0,157.0
115,#7,wind,tW-v9f49vQ,1492.0,992.0
115,#5,notj,XeSXhCfPVo,1049.0,-1951.0
115,#4,Solstice,VE6CjkevP7,1496.0,-1004.0
115,#3,g,ZLzUxKGvQY,2738.0,988.0
115,#2,Jan,VC9j-XZw14,613.0,-387.0
115,#10,DPolkPN,IaIW3olpE5,1157.0,157.0
116,#9,MS,5qVbrQw2gS,632.0,-118.0
116,#7,wind,tW-v9f49vQ,1523.0,1023.0
116,#5,notj,XeSXhCfPVo,1049.0,-1951.0
116,#4,Solstice,VE6CjkevP7,1467.0,-1033.0
116,#3,g,ZLzUxKGvQY,2736.0,986.0
116,#2,Jan,VC9j-XZw14,613.0,-387.0
116,#10,DPolkPN,IaIW3olpE5,1157.0,157.0
116,-1,notj,XeSXhCfPVo,1044.0,-1956.0
117,#9,MS,5qVbrQw2gS,606.0,-144.0
117,#7,wind,tW-v9f49vQ,1523.0,1023.0
117,#4,Solstice,VE6CjkevP7,1465.0,-1035.0
117,#3,g,ZLzUxKGvQY,2769.0,1019.0
117,#2,Jan,VC9j-XZw14,613.0,-387.0
117,#10,DPolkPN,IaIW3olpE5,1157.0,157.0
118,#9,MS,5qVbrQw2gS,606.0,-144.0
118,#7,wind,tW-v9f49vQ,1523.0,1023.0
118,#4,Solstice,VE6CjkevP7,1465.0,-1035.0
118,#3,g,ZLzUxKGvQY,2769.0,1019.0
118,#2,Jan,VC9j-XZw14,613.0,-387.0
118,#10,DPolkPN,IaIW3olpE5,1157.0,157.0
119,#9,MS,5qVbrQw2gS,589.0,-161.0
119,#7,wind,tW-v9f49vQ,1373.0,873.0
119,#5,notj,XeSXhCfPVo,1044.0,-1956.0
119,#4,Solstice,VE6CjkevP7,1465.0,-1035.0
119,#3,g,ZLzUxKGvQY,2936.0,1186.0
119,#2,Jan,VC9j-XZw14,613.0,-387.0
119,#10,DPolkPN,IaIW3olpE5,1157.0,157.0
119,#1,yk,5E5O7Qwd9-,500.0,0.0
120,#9,MS,5qVbrQw2gS,587.0,-163.0
120,#7,wind,tW-v9f49vQ,1373.0,873.0
120,#5,notj,XeSXhCfPVo,1051.0,-1949.0
120,#4,Solstice,VE6CjkevP7,1465.0,-1035.0
120,#3,g,ZLzUxKGvQY,2936.0,1186.0
120,#2,Jan,VC9j-XZw14,613.0,-387.0
120,#10,DPolkPN,IaIW3olpE5,1152.0,152.0
120,#1,yk,5E5O7Qwd9-,500.0,0.0
121,#9,MS,5qVbrQw2gS,1234.0,484.0
121,#7,wind,tW-v9f49vQ,1373.0,873.0
121,#5,notj,XeSXhCfPVo,1051.0,-1949.0
121,#4,Solstice,VE6CjkevP7,1465.0,-1035.0
121,#3,g,ZLzUxKGvQY,2936.0,1186.0
121,#2,Jan,VC9j-XZw14,613.0,-387.0
121,#10,DPolkPN,IaIW3olpE5,565.0,-435.0
121,#1,yk,5E5O7Qwd9-,440.0,-60.0
122,#9,MS,5qVbrQw2gS,1234.0,484.0
122,#7,wind,tW-v9f49vQ,1356.0,856.0
122,#5,notj,XeSXhCfPVo,1051.0,-1949.0
122,#4,Solstice,VE6CjkevP7,1465.0,-1035.0
122,#3,g,ZLzUxKGvQY,2972.0,1222.0
122,#2,Jan,VC9j-XZw14,596.0,-404.0
122,#10,DPolkPN,IaIW3olpE5,565.0,-435.0
122,#1,yk,5E5O7Qwd9-,438.0,-62.0
123,#9,MS,5qVbrQw2gS,1234.0,484.0
123,#7,wind,tW-v9f49vQ,1356.0,856.0
123,#5,notj,XeSXhCfPVo,1051.0,-1949.0
123,#4,Solstice,VE6CjkevP7,1465.0,-1035.0
123,#3,g,ZLzUxKGvQY,2974.0,1224.0
123,#2,Jan,VC9j-XZw14,594.0,-406.0
123,#10,DPolkPN,IaIW3olpE5,565.0,-435.0
123,#1,yk,5E5O7Qwd9-,438.0,-62.0
124,#9,MS,5qVbrQw2gS,1234.0,484.0
124,#7,wind,tW-v9f49vQ,1356.0,856.0
124,#5,notj,XeSXhCfPVo,1051.0,-1949.0
124,#4,Solstice,VE6CjkevP7,1580.0,-920.0
124,#3,g,ZLzUxKGvQY,2959.0,1209.0
124,#2,Jan,VC9j-XZw14,594.0,-406.0
124,#10,DPolkPN,IaIW3olpE5,550.0,-450.0
124,#1,yk,5E5O7Qwd9-,353.0,-147.0
125,#9,MS,5qVbrQw2gS,1234.0,484.0
125,#7,wind,tW-v9f49vQ,1356.0,856.0
125,#5,notj,XeSXhCfPVo,1053.0,-1947.0
125,#4,Solstice,VE6CjkevP7,1578.0,-922.0
125,#3,g,ZLzUxKGvQY,2959.0,1209.0
125,#2,Jan,VC9j-XZw14,594.0,-406.0
125,#10,DPolkPN,IaIW3olpE5,550.0,-450.0
125,#1,yk,5E5O7Qwd9-,353.0,-147.0
126,#9,MS,5qVbrQw2gS,1234.0,484.0
126,#7,wind,tW-v9f49vQ,1351.0,851.0
126,#5,notj,XeSXhCfPVo,1051.0,-1949.0
126,#4,Solstice,VE6CjkevP7,1578.0,-922.0
126,#3,g,ZLzUxKGvQY,3013.0,1263.0
126,#2,Jan,VC9j-XZw14,594.0,-406.0
126,#10,DPolkPN,IaIW3olpE5,550.0,-450.0
126,#1,yk,5E5O7Qwd9-,306.0,-194.0
127,#9,MS,5qVbrQw2gS,1207.0,457.0
127,#7,wind,tW-v9f49vQ,1349.0,849.0
127,#5,notj,XeSXhCfPVo,1051.0,-1949.0
127,#4,Solstice,VE6CjkevP7,1578.0,-922.0
127,#3,g,ZLzUxKGvQY,3042.0,1292.0
127,#2,Jan,VC9j-XZw14,594.0,-406.0
127,#10,DPolkPN,IaIW3olpE5,550.0,-450.0
127,#1,yk,5E5O7Qwd9-,306.0,-194.0
128,#9,MS,5qVbrQw2gS,1192.0,442.0
128,#7,wind,tW-v9f49vQ,1349.0,849.0
128,#5,notj,XeSXhCfPVo,1051.0,-1949.0
128,#4,Solstice,VE6CjkevP7,1578.0,-922.0
128,#3,g,ZLzUxKGvQY,3042.0,1292.0
128,#2,Jan,VC9j-XZw14,594.0,-406.0
128,#10,DPolkPN,IaIW3olpE5,565.0,-435.0
128,#1,yk,5E5O7Qwd9-,306.0,-194.0
129,#9,MS,5qVbrQw2gS,1144.0,394.0
129,#7,wind,tW-v9f49vQ,1331.0,831.0
129,#5,notj,XeSXhCfPVo,1124.0,-1876.0
129,#4,Solstice,VE6CjkevP7,1578.0,-922.0
129,#3,g,ZLzUxKGvQY,3042.0,1292.0
129,#2,Jan,VC9j-XZw14,594.0,-406.0
129,#10,DPolkPN,IaIW3olpE5,563.0,-437.0
129,#1,yk,5E5O7Qwd9-,301.0,-199.0
130,#9,MS,5qVbrQw2gS,1072.0,322.0
130,#7,wind,tW-v9f49vQ,1331.0,831.0
130,#5,notj,XeSXhCfPVo,1267.0,-1733.0
130,#4,Solstice,VE6CjkevP7,1546.0,-954.0
130,#3,g,ZLzUxKGvQY,3010.0,1260.0
130,#2,Jan,VC9j-XZw14,589.0,-411.0
130,#10,DPolkPN,IaIW3olpE5,563.0,-437.0
130,#1,yk,5E5O7Qwd9-,299.0,-201.0
131,#9,MS,5qVbrQw2gS,1072.0,322.0
131,#7,wind,tW-v9f49vQ,1347.0,847.0
131,#5,notj,XeSXhCfPVo,1267.0,-1733.0
131,#4,Solstice,VE6CjkevP7,1546.0,-954.0
131,#3,g,ZLzUxKGvQY,2996.0,1246.0
131,#2,Jan,VC9j-XZw14,587.0,-413.0
131,#10,DPolkPN,IaIW3olpE5,563.0,-437.0
131,#1,yk,5E5O7Qwd9-,299.0,-201.0
132,#9,MS,5qVbrQw2gS,1072.0,322.0
132,#7,wind,tW-v9f49vQ,1347.0,847.0
132,#5,notj,XeSXhCfPVo,1267.0,-1733.0
132,#4,Solstice,VE6CjkevP7,1515.0,-985.0
132,#3,g,ZLzUxKGvQY,2994.0,1244.0
132,#2,Jan,VC9j-XZw14,587.0,-413.0
132,#10,DPolkPN,IaIW3olpE5,596.0,-404.0
132,#1,yk,5E5O7Qwd9-,299.0,-201.0
133,#9,MS,5qVbrQw2gS,1072.0,322.0
133,#7,wind,tW-v9f49vQ,1347.0,847.0
133,#5,notj,XeSXhCfPVo,1262.0,-1738.0
133,#4,Solstice,VE6CjkevP7,1572.0,-928.0
133,#3,g,ZLzUxKGvQY,2942.0,1192.0
133,#2,Jan,VC9j-XZw14,587.0,-413.0
133,#10,DPolkPN,IaIW3olpE5,596.0,-404.0
133,#1,yk,5E5O7Qwd9-,299.0,-201.0
134,#9,MS,5qVbrQw2gS,1072.0,322.0
134,#7,wind,tW-v9f49vQ,1342.0,842.0
134,#5,notj,XeSXhCfPVo,1260.0,-1740.0
134,#4,Solstice,VE6CjkevP7,1572.0,-928.0
134,#3,g,ZLzUxKGvQY,2942.0,1192.0
134,#2,Jan,VC9j-XZw14,587.0,-413.0
134,#10,DPolkPN,IaIW3olpE5,596.0,-404.0
134,#1,yk,5E5O7Qwd9-,306.0,-194.0
135,#9,MS,5qVbrQw2gS,1104.0,354.0
135,#7,wind,tW-v9f49vQ,1340.0,840.0
135,#5,notj,XeSXhCfPVo,1260.0,-1740.0
135,#4,Solstice,VE6CjkevP7,1572.0,-928.0
135,#3,g,ZLzUxKGvQY,2927.0,1177.0
135,#2,Jan,VC9j-XZw14,587.0,-413.0
135,#10,DPolkPN,IaIW3olpE5,581.0,-419.0
135,#1,yk,5E5O7Qwd9-,306.0,-194.0
136,#9,MS,5qVbrQw2gS,1102.0,352.0
136,#7,wind,tW-v9f49vQ,1093.0,593.0
136,#5,notj,XeSXhCfPVo,1514.0,-1486.0
136,#4,Solstice,VE6CjkevP7,1572.0,-928.0
136,#3,g,ZLzUxKGvQY,2927.0,1177.0
136,#2,Jan,VC9j-XZw14,587.0,-413.0
136,#10,DPolkPN,IaIW3olpE5,576.0,-424.0
136,#1,yk,5E5O7Qwd9-,306.0,-194.0
136,-1,DPolkPN,IaIW3olpE5,574.0,-426.0
137,#9,MS,5qVbrQw2gS,1209.0,459.0
137,#7,wind,tW-v9f49vQ,1093.0,593.0
137,#5,notj,XeSXhCfPVo,1474.0,-1526.0
137,#4,Solstice,VE6CjkevP7,1512.0,-988.0
137,#3,g,ZLzUxKGvQY,2927.0,1177.0
137,#2,Jan,VC9j-XZw14,587.0,-413.0
137,#1,yk,5E5O7Qwd9-,301.0,-199.0
138,#9,MS,5qVbrQw2gS,1209.0,459.0
138,#7,wind,tW-v9f49vQ,1093.0,593.0
138,#5,notj,XeSXhCfPVo,1474.0,-1526.0
138,#4,Solstice,VE6CjkevP7,1512.0,-988.0
138,#3,g,ZLzUxKGvQY,2927.0,1177.0
138,#2,Jan,VC9j-XZw14,589.0,-411.0
138,#1,yk,5E5O7Qwd9-,299.0,-201.0
139,#9,MS,5qVbrQw2gS,1209.0,459.0
139,#7,wind,tW-v9f49vQ,1093.0,593.0
139,#5,notj,XeSXhCfPVo,1338.0,-1662.0
139,#4,Solstice,VE6CjkevP7,1512.0,-988.0
139,#3,g,ZLzUxKGvQY,2909.0,1159.0
139,#2,Jan,VC9j-XZw14,587.0,-413.0
139,#1,yk,5E5O7Qwd9-,455.0,-45.0
140,#9,MS,5qVbrQw2gS,1209.0,459.0
140,#7,wind,tW-v9f49vQ,1093.0,593.0
140,#5,notj,XeSXhCfPVo,1345.0,-1655.0
140,#4,Solstice,VE6CjkevP7,1507.0,-993.0
140,#3,g,ZLzUxKGvQY,2907.0,1157.0
140,#2,Jan,VC9j-XZw14,587.0,-413.0
140,#1,yk,5E5O7Qwd9-,455.0,-45.0
140,-1,wind,tW-v9f49vQ,1093.0,593.0
141,#9,MS,5qVbrQw2gS,1209.0,459.0
141,#5,notj,XeSXhCfPVo,1340.0,-1660.0
141,#4,Solstice,VE6CjkevP7,1505.0,-995.0
141,#3,g,ZLzUxKGvQY,3001.0,1251.0
141,#2,Jan,VC9j-XZw14,587.0,-413.0
141,#1,yk,5E5O7Qwd9-,368.0,-132.0
142,#9,MS,5qVbrQw2gS,1204.0,454.0
142,#5,notj,XeSXhCfPVo,1338.0,-1662.0
142,#4,Solstice,VE6CjkevP7,1488.0,-1012.0
142,#3,g,ZLzUxKGvQY,3001.0,1251.0
142,#2,Jan,VC9j-XZw14,628.0,-372.0
142,#10,DPolkPN,IaIW3olpE5,574.0,-426.0
142,#1,yk,5E5O7Qwd9-,351.0,-149.0
143,#9,MS,5qVbrQw2gS,1394.0,644.0
143,#5,notj,XeSXhCfPVo,1153.0,-1847.0
143,#4,Solstice,VE6CjkevP7,1488.0,-1012.0
143,#3,g,ZLzUxKGvQY,3001.0,1251.0
143,#2,Jan,VC9j-XZw14,628.0,-372.0
143,#10,DPolkPN,IaIW3olpE5,569.0,-431.0
143,#1,yk,5E5O7Qwd9-,351.0,-149.0
143,-1,Jan,VC9j-XZw14,511.0,-489.0
144,#9,MS,5qVbrQw2gS,1525.0,775.0
144,#5,notj,XeSXhCfPVo,1153.0,-1847.0
144,#4,Solstice,VE6CjkevP7,1488.0,-1012.0
144,#3,g,ZLzUxKGvQY,3001.0,1251.0
144,#10,DPolkPN,IaIW3olpE5,567.0,-433.0
144,#1,yk,5E5O7Qwd9-,339.0,-161.0
145,#9,MS,5qVbrQw2gS,1510.0,760.0
145,#5,notj,XeSXhCfPVo,1153.0,-1847.0
145,#4,Solstice,VE6CjkevP7,1488.0,-1012.0
145,#3,g,ZLzUxKGvQY,3018.0,1268.0
145,#10,DPolkPN,IaIW3olpE5,567.0,-433.0
145,#1,yk,5E5O7Qwd9-,337.0,-163.0
146,#9,MS,5qVbrQw2gS,1510.0,760.0
146,#5,notj,XeSXhCfPVo,1153.0,-1847.0
146,#4,Solstice,VE6CjkevP7,1483.0,-1017.0
146,#3,g,ZLzUxKGvQY,3478.0,1728.0
146,#10,DPolkPN,IaIW3olpE5,227.0,-773.0
146,#1,yk,5E5O7Qwd9-,222.0,-278.0
147,#9,MS,5qVbrQw2gS,1562.0,812.0
147,#5,notj,XeSXhCfPVo,1116.0,-1884.0
147,#4,Solstice,VE6CjkevP7,1468.0,-1032.0
147,#3,g,ZLzUxKGvQY,3478.0,1728.0
147,#10,DPolkPN,IaIW3olpE5,1227.0,-773.0
147,#1,yk,5E5O7Qwd9-,222.0,-278.0
148,#9,MS,5qVbrQw2gS,1532.0,782.0
148,#5,notj,XeSXhCfPVo,1355.0,-1645.0
148,#4,Solstice,VE6CjkevP7,1468.0,-1032.0
148,#3,g,ZLzUxKGvQY,3269.0,1519.0
148,#10,DPolkPN,IaIW3olpE5,1227.0,-773.0
148,#1,yk,5E5O7Qwd9-,222.0,-278.0
149,#9,MS,5qVbrQw2gS,1530.0,780.0
149,#5,notj,XeSXhCfPVo,1350.0,-1650.0
149,#4,Solstice,VE6CjkevP7,1468.0,-1032.0
149,#3,g,ZLzUxKGvQY,3281.0,1531.0
149,#10,DPolkPN,IaIW3olpE5,1222.0,-778.0
149,#1,yk,5E5O7Qwd9-,222.0,-278.0
149,-1,notj,XeSXhCfPVo,1350.0,-1650.0
149,-1,MS,5qVbrQw2gS,1530.0,780.0
150,#4,Solstice,VE6CjkevP7,1468.0,-1032.0
150,#3,g,ZLzUxKGvQY,3240.0,1490.0
150,#10,DPolkPN,IaIW3olpE5,1220.0,-780.0
150,#1,yk,5E5O7Qwd9-,265.0,-235.0
151,#5,notj,XeSXhCfPVo,1350.0,-1650.0
151,#4,Solstice,VE6CjkevP7,1468.0,-1032.0
151,#3,g,ZLzUxKGvQY,3330.0,1580.0
151,#10,DPolkPN,IaIW3olpE5,1220.0,-780.0
151,#1,yk,5E5O7Qwd9-,175.0,-325.0
152,#5,notj,XeSXhCfPVo,1634.0,-1366.0
152,#4,Solstice,VE6CjkevP7,1376.0,-1124.0
152,#3,g,ZLzUxKGvQY,3138.0,1388.0
152,#10,DPolkPN,IaIW3olpE5,1220.0,-780.0
152,#1,yk,5E5O7Qwd9-,175.0,-325.0
153,#5,notj,XeSXhCfPVo,1636.0,-1364.0
153,#4,Solstice,VE6CjkevP7,1374.0,-1126.0
153,#3,g,ZLzUxKGvQY,3138.0,1388.0
153,#10,DPolkPN,IaIW3olpE5,1220.0,-780.0
153,#1,yk,5E5O7Qwd9-,175.0,-325.0
154,#5,notj,XeSXhCfPVo,1634.0,-1366.0
154,#4,Solstice,VE6CjkevP7,702.0,-1798.0
154,#3,g,ZLzUxKGvQY,3817.0,2067.0
154,#10,DPolkPN,IaIW3olpE5,1215.0,-785.0
154,#1,yk,5E5O7Qwd9-,175.0,-325.0
155,#5,notj,XeSXhCfPVo,1619.0,-1381.0
155,#4,Solstice,VE6CjkevP7,687.0,-1813.0
155,#3,g,ZLzUxKGvQY,3797.0,2047.0
155,#10,DPolkPN,IaIW3olpE5,1285.0,-715.0
155,#1,yk,5E5O7Qwd9-,155.0,-345.0
156,#5,notj,XeSXhCfPVo,1619.0,-1381.0
156,#4,Solstice,VE6CjkevP7,606.0,-1894.0
156,#3,g,ZLzUxKGvQY,3903.0,2153.0
156,#10,DPolkPN,IaIW3olpE5,1285.0,-715.0
156,#1,yk,5E5O7Qwd9-,130.0,-370.0
157,#5,notj,XeSXhCfPVo,1619.0,-1381.0
157,#4,Solstice,VE6CjkevP7,772.0,-1728.0
157,#3,g,ZLzUxKGvQY,3901.0,2151.0
157,#10,DPolkPN,IaIW3olpE5,1121.0,-879.0
157,#1,yk,5E5O7Qwd9-,130.0,-370.0
158,#5,notj,XeSXhCfPVo,1614.0,-1386.0
158,#4,Solstice,VE6CjkevP7,570.0,-1930.0
158,#3,g,ZLzUxKGvQY,3886.0,2136.0
158,#10,DPolkPN,IaIW3olpE5,1343.0,-657.0
158,#1,yk,5E5O7Qwd9-,130.0,-370.0
159,#5,notj,XeSXhCfPVo,1612.0,-1388.0
159,#4,Solstice,VE6CjkevP7,570.0,-1930.0
159,#3,g,ZLzUxKGvQY,3886.0,2136.0
159,#10,DPolkPN,IaIW3olpE5,1332.0,-668.0
159,#1,yk,5E5O7Qwd9-,143.0,-357.0
160,#5,notj,XeSXhCfPVo,1612.0,-1388.0
160,#4,Solstice,VE6CjkevP7,570.0,-1930.0
160,#3,g,ZLzUxKGvQY,3893.0,2143.0
160,#10,DPolkPN,IaIW3olpE5,1330.0,-670.0
160,#1,yk,5E5O7Qwd9-,138.0,-362.0
160,-1,yk,5E5O7Qwd9-,0.0,-500.0
161,#7,mimetic,JF8RNH8-c4,500.0,0.0
161,#5,notj,XeSXhCfPVo,1594.0,-1406.0
161,#4,Solstice,VE6CjkevP7,570.0,-1930.0
161,#3,g,ZLzUxKGvQY,3888.0,2138.0
161,#10,DPolkPN,IaIW3olpE5,1491.0,-509.0
161,-1,MS,5qVbrQw2gS,1530.0,780.0
162,#7,mimetic,JF8RNH8-c4,500.0,0.0
162,#5,notj,XeSXhCfPVo,1557.0,-1443.0
162,#4,Solstice,VE6CjkevP7,622.0,-1878.0
162,#3,g,ZLzUxKGvQY,3873.0,2123.0
162,#10,DPolkPN,IaIW3olpE5,1491.0,-509.0
163,#7,mimetic,JF8RNH8-c4,627.0,127.0
163,#5,notj,XeSXhCfPVo,1552.0,-1448.0
163,#4,Solstice,VE6CjkevP7,620.0,-1880.0
163,#3,g,ZLzUxKGvQY,3873.0,2123.0
163,#10,DPolkPN,IaIW3olpE5,1371.0,-629.0
164,#7,mimetic,JF8RNH8-c4,383.0,-117.0
164,#5,notj,XeSXhCfPVo,1550.0,-1450.0
164,#4,Solstice,VE6CjkevP7,866.0,-1634.0
164,#3,g,ZLzUxKGvQY,3873.0,2123.0
164,#10,DPolkPN,IaIW3olpE5,1371.0,-629.0
165,#7,mimetic,JF8RNH8-c4,381.0,-119.0
165,#5,notj,XeSXhCfPVo,1698.0,-1302.0
165,#4,Solstice,VE6CjkevP7,866.0,-1634.0
165,#3,g,ZLzUxKGvQY,3749.0,1999.0
165,#10,DPolkPN,IaIW3olpE5,1349.0,-651.0
166,#7,mimetic,JF8RNH8-c4,381.0,-119.0
166,#5,notj,XeSXhCfPVo,1698.0,-1302.0
166,#4,Solstice,VE6CjkevP7,826.0,-1674.0
166,#3,g,ZLzUxKGvQY,3744.0,1994.0
166,#10,DPolkPN,IaIW3olpE5,1394.0,-606.0
167,#7,mimetic,JF8RNH8-c4,366.0,-134.0
167,#5,notj,XeSXhCfPVo,1683.0,-1317.0
167,#4,Solstice,VE6CjkevP7,806.0,-1694.0
167,#3,g,ZLzUxKGvQY,3704.0,1954.0
167,#10,DPolkPN,IaIW3olpE5,1484.0,-516.0
168,#7,mimetic,JF8RNH8-c4,366.0,-134.0
168,#5,notj,XeSXhCfPVo,1776.0,-1224.0
168,#4,Solstice,VE6CjkevP7,735.0,-1765.0
168,#3,g,ZLzUxKGvQY,3682.0,1932.0
168,#10,DPolkPN,IaIW3olpE5,1484.0,-516.0
169,#7,mimetic,JF8RNH8-c4,344.0,-156.0
169,#5,notj,XeSXhCfPVo,1774.0,-1226.0
169,#4,Solstice,VE6CjkevP7,735.0,-1765.0
169,#3,g,ZLzUxKGvQY,3706.0,1956.0
169,#10,DPolkPN,IaIW3olpE5,1484.0,-516.0
170,#7,mimetic,JF8RNH8-c4,258.0,-242.0
170,#5,notj,XeSXhCfPVo,1774.0,-1226.0
170,#4,Solstice,VE6CjkevP7,735.0,-1765.0
170,#3,g,ZLzUxKGvQY,3797.0,2047.0
170,#10,DPolkPN,IaIW3olpE5,1479.0,-521.0
171,#7,mimetic,JF8RNH8-c4,258.0,-242.0
171,#5,notj,XeSXhCfPVo,2045.0,-955.0
171,#4,Solstice,VE6CjkevP7,735.0,-1765.0
171,#3,g,ZLzUxKGvQY,3792.0,2042.0
171,#10,DPolkPN,IaIW3olpE5,1213.0,-787.0
172,#7,mimetic,JF8RNH8-c4,258.0,-242.0
172,#5,notj,XeSXhCfPVo,2045.0,-955.0
172,#4,Solstice,VE6CjkevP7,730.0,-1770.0
172,#3,g,ZLzUxKGvQY,3790.0,2040.0
172,#10,DPolkPN,IaIW3olpE5,1220.0,-780.0
173,#9,Dinofeet,WDkEzb0PKB,750.0,0.0
173,#7,mimetic,JF8RNH8-c4,235.0,-265.0
173,#5,notj,XeSXhCfPVo,2070.0,-930.0
173,#4,Solstice,VE6CjkevP7,728.0,-1772.0
173,#3,g,ZLzUxKGvQY,3790.0,2040.0
173,#10,DPolkPN,IaIW3olpE5,1220.0,-780.0
174,#9,Dinofeet,WDkEzb0PKB,750.0,0.0
174,#7,mimetic,JF8RNH8-c4,271.0,-229.0
174,#5,notj,XeSXhCfPVo,2034.0,-966.0
174,#4,Solstice,VE6CjkevP7,1228.0,-1772.0
174,#3,g,ZLzUxKGvQY,3790.0,2040.0
174,#10,DPolkPN,IaIW3olpE5,1220.0,-780.0
175,#9,Dinofeet,WDkEzb0PKB,745.0,-5.0
175,#7,mimetic,JF8RNH8-c4,547.0,47.0
175,#5,notj,XeSXhCfPVo,2034.0,-966.0
175,#4,Solstice,VE6CjkevP7,1228.0,-1772.0
175,#3,g,ZLzUxKGvQY,3519.0,1769.0
175,#10,DPolkPN,IaIW3olpE5,1220.0,-780.0
175,-1,g,ZLzUxKGvQY,3519.0,1769.0
176,#9,Dinofeet,WDkEzb0PKB,855.0,105.0
176,#7,mimetic,JF8RNH8-c4,547.0,47.0
176,#5,notj,XeSXhCfPVo,1939.0,-1061.0
176,#4,Solstice,VE6CjkevP7,1218.0,-1782.0
176,#10,DPolkPN,IaIW3olpE5,1215.0,-785.0
177,#9,Dinofeet,WDkEzb0PKB,855.0,105.0
177,#7,mimetic,JF8RNH8-c4,547.0,47.0
177,#5,notj,XeSXhCfPVo,1939.0,-1061.0
177,#4,Solstice,VE6CjkevP7,1280.0,-1720.0
177,#10,DPolkPN,IaIW3olpE5,1153.0,-847.0
178,#9,Dinofeet,WDkEzb0PKB,815.0,65.0
178,#7,mimetic,JF8RNH8-c4,547.0,47.0
178,#5,notj,XeSXhCfPVo,1934.0,-1066.0
178,#4,Solstice,VE6CjkevP7,1278.0,-1722.0
178,#10,DPolkPN,IaIW3olpE5,1200.0,-800.0
178,-1,mimetic,JF8RNH8-c4,0.0,-500.0
179,#9,Dinofeet,WDkEzb0PKB,815.0,65.0
179,#5,notj,XeSXhCfPVo,1932.0,-1068.0
179,#4,Solstice,VE6CjkevP7,1278.0,-1722.0
179,#10,DPolkPN,IaIW3olpE5,1749.0,-251.0
180,#9,Dinofeet,WDkEzb0PKB,1067.0,317.0
180,#5,notj,XeSXhCfPVo,1695.0,-1305.0
180,#4,Solstice,VE6CjkevP7,1278.0,-1722.0
180,#10,DPolkPN,IaIW3olpE5,1734.0,-266.0
181,#9,Dinofeet,WDkEzb0PKB,1065.0,315.0
181,#5,notj,XeSXhCfPVo,1695.0,-1305.0
181,#4,Solstice,VE6CjkevP7,1583.0,-1417.0
181,#10,DPolkPN,IaIW3olpE5,1431.0,-569.0
182,#9,Dinofeet,WDkEzb0PKB,1065.0,315.0
182,#5,notj,XeSXhCfPVo,1713.0,-1287.0
182,#4,Solstice,VE6CjkevP7,1567.0,-1433.0
182,#10,DPolkPN,IaIW3olpE5,1429.0,-571.0
183,#9,Dinofeet,WDkEzb0PKB,1054.0,304.0
183,#5,notj,XeSXhCfPVo,1708.0,-1292.0
183,#4,Solstice,VE6CjkevP7,1565.0,-1435.0
183,#10,DPolkPN,IaIW3olpE5,1447.0,-553.0
184,#9,Dinofeet,WDkEzb0PKB,1070.0,320.0
184,#5,notj,XeSXhCfPVo,1692.0,-1308.0
184,#4,Solstice,VE6CjkevP7,1565.0,-1435.0
184,#10,DPolkPN,IaIW3olpE5,1447.0,-553.0
185,#9,Dinofeet,WDkEzb0PKB,1093.0,343.0
185,#5,notj,XeSXhCfPVo,1674.0,-1326.0
185,#4,Solstice,VE6CjkevP7,1565.0,-1435.0
185,#10,DPolkPN,IaIW3olpE5,1442.0,-558.0
186,#9,Dinofeet,WDkEzb0PKB,1093.0,343.0
186,#5,notj,XeSXhCfPVo,1564.0,-1436.0
186,#4,Solstice,VE6CjkevP7,1560.0,-1440.0
186,#10,DPolkPN,IaIW3olpE5,1557.0,-443.0
187,#9,Dinofeet,WDkEzb0PKB,1159.0,409.0
187,#5,notj,XeSXhCfPVo,1500.0,-1500.0
187,#4,Solstice,VE6CjkevP7,1558.0,-1442.0
187,#10,DPolkPN,IaIW3olpE5,1557.0,-443.0
188,#9,Dinofeet,WDkEzb0PKB,1154.0,404.0
188,#5,notj,XeSXhCfPVo,1498.0,-1502.0
188,#4,Solstice,VE6CjkevP7,1565.0,-1435.0
188,#10,DPolkPN,IaIW3olpE5,1557.0,-443.0
189,#9,Dinofeet,WDkEzb0PKB,1152.0,402.0
189,#5,notj,XeSXhCfPVo,1498.0,-1502.0
189,#4,Solstice,VE6CjkevP7,1565.0,-1435.0
189,#10,DPolkPN,IaIW3olpE5,1559.0,-441.0
190,#9,Dinofeet,WDkEzb0PKB,1256.0,506.0
190,#5,notj,XeSXhCfPVo,1401.0,-1599.0
190,#4,Solstice,VE6CjkevP7,1560.0,-1440.0
190,#10,DPolkPN,IaIW3olpE5,1557.0,-443.0
191,#9,Dinofeet,WDkEzb0PKB,1049.0,299.0
191,#5,notj,XeSXhCfPVo,1396.0,-1604.0
191,#4,Solstice,VE6CjkevP7,1558.0,-1442.0
191,#10,DPolkPN,IaIW3olpE5,1771.0,-229.0
192,#9,Dinofeet,WDkEzb0PKB,1124.0,374.0
192,#5,notj,XeSXhCfPVo,1321.0,-1679.0
192,#4,Solstice,VE6CjkevP7,1558.0,-1442.0
192,#10,DPolkPN,IaIW3olpE5,1771.0,-229.0
193,#9,Dinofeet,WDkEzb0PKB,1122.0,372.0
193,#5,notj,XeSXhCfPVo,1368.0,-1632.0
193,#4,Solstice,VE6CjkevP7,1558.0,-1442.0
193,#10,DPolkPN,IaIW3olpE5,1726.0,-274.0
194,#9,Dinofeet,WDkEzb0PKB,1122.0,372.0
194,#5,notj,XeSXhCfPVo,1368.0,-1632.0
194,#4,Solstice,VE6CjkevP7,1560.0,-1440.0
194,#10,DPolkPN,IaIW3olpE5,1724.0,-276.0
195,#9,Dinofeet,WDkEzb0PKB,1122.0,372.0
195,#5,notj,XeSXhCfPVo,1370.0,-1630.0
195,#4,Solstice,VE6CjkevP7,1558.0,-1442.0
195,#10,DPolkPN,IaIW3olpE5,1724.0,-276.0
196,#9,Dinofeet,WDkEzb0PKB,1117.0,367.0
196,#5,notj,XeSXhCfPVo,1335.0,-1665.0
196,#4,Solstice,VE6CjkevP7,1523.0,-1477.0
196,#10,DPolkPN,IaIW3olpE5,1799.0,-201.0
197,#9,Dinofeet,WDkEzb0PKB,1115.0,365.0
197,#5,notj,XeSXhCfPVo,1335.0,-1665.0
197,#4,Solstice,VE6CjkevP7,1879.0,-1121.0
197,#10,DPolkPN,IaIW3olpE5,1445.0,-555.0
198,#9,Dinofeet,WDkEzb0PKB,1115.0,365.0
198,#5,notj,XeSXhCfPVo,1335.0,-1665.0
198,#4,Solstice,VE6CjkevP7,1881.0,-1119.0
198,#10,DPolkPN,IaIW3olpE5,1443.0,-557.0
199,#9,Dinofeet,WDkEzb0PKB,1105.0,355.0
199,#5,notj,XeSXhCfPVo,1330.0,-1670.0
199,#4,Solstice,VE6CjkevP7,1879.0,-1121.0
199,#10,DPolkPN,IaIW3olpE5,1460.0,-540.0
200,#9,Dinofeet,WDkEzb0PKB,1100.0,350.0
200,#5,notj,XeSXhCfPVo,1305.0,-1695.0
200,#4,Solstice,VE6CjkevP7,1879.0,-1121.0
200,#10,DPolkPN,IaIW3olpE5,1490.0,-510.0
201,#9,Dinofeet,WDkEzb0PKB,1098.0,348.0
201,#5,notj,XeSXhCfPVo,1322.0,-1678.0
201,#4,Solstice,VE6CjkevP7,1869.0,-1131.0
201,#10,DPolkPN,IaIW3olpE5,1485.0,-515.0
202,#9,Dinofeet,WDkEzb0PKB,1098.0,348.0
202,#5,notj,XeSXhCfPVo,1322.0,-1678.0
202,#4,Solstice,VE6CjkevP7,1871.0,-1129.0
202,#10,DPolkPN,IaIW3olpE5,1483.0,-517.0
203,#9,Dinofeet,WDkEzb0PKB,1098.0,348.0
203,#5,notj,XeSXhCfPVo,1339.0,-1661.0
203,#4,Solstice,VE6CjkevP7,1869.0,-1131.0
203,#10,DPolkPN,IaIW3olpE5,1468.0,-532.0
204,#9,Dinofeet,WDkEzb0PKB,1100.0,350.0
204,#5,notj,XeSXhCfPVo,1337.0,-1663.0
204,#4,Solstice,VE6CjkevP7,1869.0,-1131.0
204,#10,DPolkPN,IaIW3olpE5,1468.0,-532.0
205,#9,Dinofeet,WDkEzb0PKB,1098.0,348.0
205,#5,notj,XeSXhCfPVo,1344.0,-1656.0
205,#4,Solstice,VE6CjkevP7,1869.0,-1131.0
205,#10,DPolkPN,IaIW3olpE5,1463.0,-537.0
206,#9,Dinofeet,WDkEzb0PKB,1105.0,355.0
206,#5,notj,XeSXhCfPVo,1344.0,-1656.0
206,#4,Solstice,VE6CjkevP7,1864.0,-1136.0
206,#10,DPolkPN,IaIW3olpE5,1461.0,-539.0
207,#9,Dinofeet,WDkEzb0PKB,1105.0,355.0
207,#5,notj,XeSXhCfPVo,1329.0,-1671.0
207,#4,Solstice,VE6CjkevP7,1862.0,-1138.0
207,#10,DPolkPN,IaIW3olpE5,1478.0,-522.0
208,#9,Dinofeet,WDkEzb0PKB,1124.0,374.0
208,#5,notj,XeSXhCfPVo,1327.0,-1673.0
208,#4,Solstice,VE6CjkevP7,1845.0,-1155.0
208,#10,DPolkPN,IaIW3olpE5,1478.0,-522.0
209,#9,Dinofeet,WDkEzb0PKB,1122.0,372.0
209,#5,notj,XeSXhCfPVo,1296.0,-1704.0
209,#4,Solstice,VE6CjkevP7,1845.0,-1155.0
209,#10,DPolkPN,IaIW3olpE5,1511.0,-489.0
210,#9,Dinofeet,WDkEzb0PKB,1122.0,372.0
210,#5,notj,XeSXhCfPVo,1296.0,-1704.0
210,#4,Solstice,VE6CjkevP7,1847.0,-1153.0
210,#10,DPolkPN,IaIW3olpE5,1509.0,-491.0
211,#9,Dinofeet,WDkEzb0PKB,1144.0,394.0
211,#5,notj,XeSXhCfPVo,1285.0,-1715.0
211,#4,Solstice,VE6CjkevP7,1836.0,-1164.0
211,#10,DPolkPN,IaIW3olpE5,1509.0,-491.0
212,#9,Dinofeet,WDkEzb0PKB,1097.0,347.0
212,#5,notj,XeSXhCfPVo,1270.0,-1730.0
212,#4,Solstice,VE6CjkevP7,1836.0,-1164.0
212,#10,DPolkPN,IaIW3olpE5,1571.0,-429.0
213,#9,Dinofeet,WDkEzb0PKB,1095.0,345.0
213,#5,notj,XeSXhCfPVo,1270.0,-1730.0
213,#4,Solstice,VE6CjkevP7,1848.0,-1152.0
213,#10,DPolkPN,IaIW3olpE5,1561.0,-439.0
214,#9,Dinofeet,WDkEzb0PKB,1077.0,327.0
214,#5,notj,XeSXhCfPVo,1252.0,-1748.0
214,#4,Solstice,VE6CjkevP7,1902.0,-1098.0
214,#10,DPolkPN,IaIW3olpE5,1543.0,-457.0
215,#9,Dinofeet,WDkEzb0PKB,1077.0,327.0
215,#5,notj,XeSXhCfPVo,1152.0,-1848.0
215,#4,Solstice,VE6CjkevP7,2002.0,-998.0
215,#10,DPolkPN,IaIW3olpE5,1543.0,-457.0
216,#9,Dinofeet,WDkEzb0PKB,1072.0,322.0
216,#5,notj,XeSXhCfPVo,1150.0,-1850.0
216,#4,Solstice,VE6CjkevP7,2009.0,-991.0
216,#10,DPolkPN,IaIW3olpE5,1543.0,-457.0
217,#9,Dinofeet,WDkEzb0PKB,1378.0,628.0
217,#7,killua,DIsyWHTS7x,750.0,0.0
217,#5,notj,XeSXhCfPVo,849.0,-2151.0
217,#4,Solstice,VE6CjkevP7,2009.0,-991.0
217,#10,DPolkPN,IaIW3olpE5,1538.0,-462.0
218,#9,Dinofeet,WDkEzb0PKB,1367.0,617.0
218,#7,killua,DIsyWHTS7x,750.0,0.0
218,#5,notj,XeSXhCfPVo,849.0,-2151.0
218,#4,Solstice,VE6CjkevP7,2031.0,-969.0
218,#10,DPolkPN,IaIW3olpE5,1527.0,-473.0
219,#9,Dinofeet,WDkEzb0PKB,1367.0,617.0
219,#7,killua,DIsyWHTS7x,750.0,0.0
219,#5,notj,XeSXhCfPVo,823.0,-2177.0
219,#4,Solstice,VE6CjkevP7,2029.0,-971.0
219,#10,DPolkPN,IaIW3olpE5,1555.0,-445.0
220,#9,Dinofeet,WDkEzb0PKB,1367.0,617.0
220,#7,killua,DIsyWHTS7x,745.0,-5.0
220,#5,notj,XeSXhCfPVo,821.0,-2179.0
220,#4,Solstice,VE6CjkevP7,1952.0,-1048.0
220,#10,DPolkPN,IaIW3olpE5,1639.0,-361.0
221,#9,Dinofeet,WDkEzb0PKB,1362.0,612.0
221,#7,killua,DIsyWHTS7x,859.0,109.0
221,#5,notj,XeSXhCfPVo,712.0,-2288.0
221,#4,Solstice,VE6CjkevP7,1952.0,-1048.0
221,#10,DPolkPN,IaIW3olpE5,1639.0,-361.0
222,#9,Dinofeet,WDkEzb0PKB,1360.0,610.0
222,#7,killua,DIsyWHTS7x,859.0,109.0
222,#5,notj,XeSXhCfPVo,649.0,-2351.0
222,#4,Solstice,VE6CjkevP7,1952.0,-1048.0
222,#10,DPolkPN,IaIW3olpE5,1704.0,-296.0
223,#9,Dinofeet,WDkEzb0PKB,1390.0,640.0
223,#7,killua,DIsyWHTS7x,859.0,109.0
223,#5,notj,XeSXhCfPVo,649.0,-2351.0
223,#4,Solstice,VE6CjkevP7,1924.0,-1076.0
223,#10,DPolkPN,IaIW3olpE5,1702.0,-298.0
224,#9,Dinofeet,WDkEzb0PKB,1390.0,640.0
224,#7,killua,DIsyWHTS7x,859.0,109.0
224,#5,notj,XeSXhCfPVo,651.0,-2349.0
224,#4,Solstice,VE6CjkevP7,1922.0,-1078.0
224,#10,DPolkPN,IaIW3olpE5,1702.0,-298.0
225,#9,Dinofeet,WDkEzb0PKB,1203.0,453.0
225,#7,killua,DIsyWHTS7x,1048.0,298.0
225,#5,notj,XeSXhCfPVo,649.0,-2351.0
225,#4,Solstice,VE6CjkevP7,1922.0,-1078.0
225,#10,DPolkPN,IaIW3olpE5,1702.0,-298.0
226,#9,Dinofeet,WDkEzb0PKB,1096.0,346.0
226,#7,killua,DIsyWHTS7x,1046.0,296.0
226,#5,notj,XeSXhCfPVo,757.0,-2243.0
226,#4,Solstice,VE6CjkevP7,2030.0,-970.0
226,#10,DPolkPN,IaIW3olpE5,1595.0,-405.0
226,-1,Jan,VC9j-XZw14,511.0,-489.0
226,-1,g,ZLzUxKGvQY,3519.0,1769.0
227,#9,Dinofeet,WDkEzb0PKB,1094.0,344.0
227,#7,killua,DIsyWHTS7x,1106.0,356.0
227,#5,notj,XeSXhCfPVo,757.0,-2243.0
227,#4,Solstice,VE6CjkevP7,1977.0,-1023.0
227,#10,DPolkPN,IaIW3olpE5,1590.0,-410.0
228,#9,Dinofeet,WDkEzb0PKB,1017.0,267.0
228,#7,killua,DIsyWHTS7x,1106.0,356.0
228,#5,notj,XeSXhCfPVo,841.0,-2159.0
228,#4,Solstice,VE6CjkevP7,1972.0,-1028.0
228,#10,DPolkPN,IaIW3olpE5,1588.0,-412.0
229,#9,Dinofeet,WDkEzb0PKB,1017.0,267.0
229,#7,killua,DIsyWHTS7x,1106.0,356.0
229,#5,notj,XeSXhCfPVo,826.0,-2174.0
229,#4,Solstice,VE6CjkevP7,1970.0,-1030.0
229,#2,batman,17tIx_sCkr,500.0,0.0
229,#10,DPolkPN,IaIW3olpE5,1605.0,-395.0
229,#1,kyle,RrKc0G7X9h,750.0,0.0
230,#9,Dinofeet,WDkEzb0PKB,1017.0,267.0
230,#7,killua,DIsyWHTS7x,1086.0,336.0
230,#5,notj,XeSXhCfPVo,816.0,-2184.0
230,#4,Solstice,VE6CjkevP7,2000.0,-1000.0
230,#2,batman,17tIx_sCkr,500.0,0.0
230,#10,DPolkPN,IaIW3olpE5,1605.0,-395.0
230,#1,kyle,RrKc0G7X9h,750.0,0.0
231,#9,Dinofeet,WDkEzb0PKB,1012.0,262.0
231,#7,killua,DIsyWHTS7x,1084.0,334.0
231,#5,notj,XeSXhCfPVo,823.0,-2177.0
231,#4,Solstice,VE6CjkevP7,2000.0,-1000.0
231,#2,batman,17tIx_sCkr,500.0,0.0
231,#10,DPolkPN,IaIW3olpE5,1605.0,-395.0
231,#1,kyle,RrKc0G7X9h,750.0,0.0
232,#9,Dinofeet,WDkEzb0PKB,1010.0,260.0
232,#7,killua,DIsyWHTS7x,1084.0,334.0
232,#5,notj,XeSXhCfPVo,823.0,-2177.0
232,#4,Solstice,VE6CjkevP7,2000.0,-1000.0
232,#2,batman,17tIx_sCkr,507.0,7.0
232,#10,DPolkPN,IaIW3olpE5,1600.0,-400.0
232,#1,kyle,RrKc0G7X9h,750.0,0.0
233,#9,Dinofeet,WDkEzb0PKB,1010.0,260.0
233,#7,killua,DIsyWHTS7x,1084.0,334.0
233,#5,notj,XeSXhCfPVo,823.0,-2177.0
233,#4,Solstice,VE6CjkevP7,2000.0,-1000.0
233,#2,batman,17tIx_sCkr,453.0,-47.0
233,#10,DPolkPN,IaIW3olpE5,1598.0,-402.0
233,#1,kyle,RrKc0G7X9h,806.0,56.0
233,-1,Dinofeet,WDkEzb0PKB,0.0,-750.0
234,#7,killua,DIsyWHTS7x,1084.0,334.0
234,#5,notj,XeSXhCfPVo,823.0,-2177.0
234,#4,Solstice,VE6CjkevP7,2000.0,-1000.0
234,#3,kuwupt,y91-_Z5Cgn,500.0,0.0
234,#2,batman,17tIx_sCkr,448.0,-52.0
234,#10,DPolkPN,IaIW3olpE5,2615.0,615.0
234,#1,kyle,RrKc0G7X9h,804.0,54.0
235,#9,Dinofeet,WDkEzb0PKB,1000.0,-750.0
235,#7,killua,DIsyWHTS7x,1084.0,334.0
235,#5,notj,XeSXhCfPVo,823.0,-2177.0
235,#4,Solstice,VE6CjkevP7,2000.0,-1000.0
235,#3,kuwupt,y91-_Z5Cgn,485.0,-15.0
235,#2,batman,17tIx_sCkr,446.0,-54.0
235,#10,DPolkPN,IaIW3olpE5,2615.0,615.0
235,#1,kyle,RrKc0G7X9h,821.0,71.0
236,#9,Dinofeet,WDkEzb0PKB,1000.0,-750.0
236,#7,killua,DIsyWHTS7x,1084.0,334.0
236,#5,notj,XeSXhCfPVo,823.0,-2177.0
236,#4,Solstice,VE6CjkevP7,1995.0,-1005.0
236,#3,kuwupt,y91-_Z5Cgn,483.0,-17.0
236,#2,batman,17tIx_sCkr,746.0,-54.0
236,#10,DPolkPN,IaIW3olpE5,2615.0,615.0
236,#1,kyle,RrKc0G7X9h,828.0,78.0
237,#9,Dinofeet,WDkEzb0PKB,1000.0,-750.0
237,#7,killua,DIsyWHTS7x,1084.0,334.0
237,#5,notj,XeSXhCfPVo,818.0,-2182.0
237,#4,Solstice,VE6CjkevP7,1993.0,-1007.0
237,#3,kuwupt,y91-_Z5Cgn,501.0,1.0
237,#2,batman,17tIx_sCkr,735.0,-65.0
237,#10,DPolkPN,IaIW3olpE5,2615.0,615.0
237,#1,kyle,RrKc0G7X9h,828.0,78.0
238,#9,Dinofeet,WDkEzb0PKB,1000.0,-750.0
238,#7,killua,DIsyWHTS7x,1079.0,329.0
238,#5,notj,XeSXhCfPVo,628.0,-2372.0
238,#4,Solstice,VE6CjkevP7,1993.0,-1007.0
238,#3,kuwupt,y91-_Z5Cgn,501.0,1.0
238,#2,batman,17tIx_sCkr,930.0,130.0
238,#10,DPolkPN,IaIW3olpE5,2615.0,615.0
238,#1,kyle,RrKc0G7X9h,828.0,78.0
239,#9,Dinofeet,WDkEzb0PKB,995.0,-755.0
239,#7,killua,DIsyWHTS7x,1077.0,327.0
239,#5,notj,XeSXhCfPVo,650.0,-2350.0
239,#4,Solstice,VE6CjkevP7,1993.0,-1007.0
239,#3,kuwupt,y91-_Z5Cgn,501.0,1.0
239,#2,batman,17tIx_sCkr,930.0,130.0
239,#10,DPolkPN,IaIW3olpE5,2615.0,615.0
239,#1,kyle,RrKc0G7X9h,813.0,63.0
240,#9,Dinofeet,WDkEzb0PKB,993.0,-757.0
240,#7,killua,DIsyWHTS7x,1077.0,327.0
240,#5,notj,XeSXhCfPVo,650.0,-2350.0
240,#4,Solstice,VE6CjkevP7,2000.0,-1000.0
240,#3,kuwupt,y91-_Z5Cgn,501.0,1.0
240,#2,batman,17tIx_sCkr,930.0,130.0
240,#10,DPolkPN,IaIW3olpE5,2610.0,610.0
240,#1,kyle,RrKc0G7X9h,813.0,63.0
241,#9,Dinofeet,WDkEzb0PKB,993.0,-757.0
241,#7,killua,DIsyWHTS7x,1077.0,327.0
241,#5,notj,XeSXhCfPVo,650.0,-2350.0
241,#4,Solstice,VE6CjkevP7,2000.0,-1000.0
241,#3,kuwupt,y91-_Z5Cgn,501.0,1.0
241,#2,batman,17tIx_sCkr,930.0,130.0
241,#10,DPolkPN,IaIW3olpE5,2608.0,608.0
241,#1,kyle,RrKc0G7X9h,815.0,65.0
242,#9,Dinofeet,WDkEzb0PKB,993.0,-757.0
242,#7,killua,DIsyWHTS7x,1077.0,327.0
242,#5,notj,XeSXhCfPVo,650.0,-2350.0
242,#4,Solstice,VE6CjkevP7,2000.0,-1000.0
242,#3,kuwupt,y91-_Z5Cgn,501.0,1.0
242,#2,batman,17tIx_sCkr,925.0,125.0
242,#10,DPolkPN,IaIW3olpE5,2615.0,615.0
242,#1,kyle,RrKc0G7X9h,813.0,63.0
243,#9,Dinofeet,WDkEzb0PKB,993.0,-757.0
243,#7,killua,DIsyWHTS7x,1077.0,327.0
243,#5,notj,XeSXhCfPVo,650.0,-2350.0
243,#4,Solstice,VE6CjkevP7,2000.0,-1000.0
243,#3,kuwupt,y91-_Z5Cgn,496.0,-4.0
243,#2,batman,17tIx_sCkr,923.0,123.0
243,#10,DPolkPN,IaIW3olpE5,2615.0,615.0
243,#1,kyle,RrKc0G7X9h,820.0,70.0
244,#9,Dinofeet,WDkEzb0PKB,993.0,-757.0
244,#7,killua,DIsyWHTS7x,1077.0,327.0
244,#5,notj,XeSXhCfPVo,650.0,-2350.0
244,#4,Solstice,VE6CjkevP7,1995.0,-1005.0
244,#3,kuwupt,y91-_Z5Cgn,494.0,-6.0
244,#2,batman,17tIx_sCkr,958.0,158.0
244,#10,DPolkPN,IaIW3olpE5,2587.0,587.0
244,#1,kyle,RrKc0G7X9h,820.0,70.0
244,-1,kuwupt,y91-_Z5Cgn,494.0,-6.0
245,#9,Dinofeet,WDkEzb0PKB,1006.0,-744.0
245,#7,killua,DIsyWHTS7x,1077.0,327.0
245,#5,notj,XeSXhCfPVo,639.0,-2361.0
245,#4,Solstice,VE6CjkevP7,1993.0,-1007.0
245,#2,batman,17tIx_sCkr,958.0,158.0
245,#10,DPolkPN,IaIW3olpE5,2587.0,587.0
245,#1,kyle,RrKc0G7X9h,820.0,70.0
246,#9,Dinofeet,WDkEzb0PKB,1006.0,-744.0
246,#7,killua,DIsyWHTS7x,1077.0,327.0
246,#5,notj,XeSXhCfPVo,639.0,-2361.0
246,#4,Solstice,VE6CjkevP7,1993.0,-1007.0
246,#2,batman,17tIx_sCkr,958.0,158.0
246,#10,DPolkPN,IaIW3olpE5,2587.0,587.0
246,#1,kyle,RrKc0G7X9h,820.0,70.0
247,#9,Dinofeet,WDkEzb0PKB,1001.0,-749.0
247,#7,killua,DIsyWHTS7x,1177.0,427.0
247,#5,notj,XeSXhCfPVo,559.0,-2441.0
247,#4,Solstice,VE6CjkevP7,1993.0,-1007.0
247,#2,batman,17tIx_sCkr,958.0,158.0
247,#10,DPolkPN,IaIW3olpE5,2587.0,587.0
247,#1,kyle,RrKc0G7X9h,805.0,55.0
248,#9,Dinofeet,WDkEzb0PKB,999.0,-751.0
248,#7,killua,DIsyWHTS7x,1142.0,392.0
248,#5,notj,XeSXhCfPVo,559.0,-2441.0
248,#4,Solstice,VE6CjkevP7,1993.0,-1007.0
248,#2,batman,17tIx_sCkr,1000.0,200.0
248,#10,DPolkPN,IaIW3olpE5,2582.0,582.0
248,#1,kyle,RrKc0G7X9h,805.0,55.0
249,#9,Dinofeet,WDkEzb0PKB,999.0,-751.0
249,#7,killua,DIsyWHTS7x,1142.0,392.0
249,#5,notj,XeSXhCfPVo,549.0,-2451.0
249,#4,Solstice,VE6CjkevP7,1993.0,-1007.0
249,#2,batman,17tIx_sCkr,1017.0,217.0
249,#10,DPolkPN,IaIW3olpE5,2580.0,580.0
249,#1,kyle,RrKc0G7X9h,800.0,50.0
250,#9,Dinofeet,WDkEzb0PKB,999.0,-751.0
250,#7,killua,DIsyWHTS7x,1142.0,392.0
250,#5,notj,XeSXhCfPVo,549.0,-2451.0
250,#4,Solstice,VE6CjkevP7,1993.0,-1007.0
250,#2,batman,17tIx_sCkr,1032.0,232.0
250,#10,DPolkPN,IaIW3olpE5,2580.0,580.0
250,#1,kyle,RrKc0G7X9h,785.0,35.0
251,#9,Dinofeet,WDkEzb0PKB,999.0,-751.0
251,#7,killua,DIsyWHTS7x,1142.0,392.0
251,#5,notj,XeSXhCfPVo,549.0,-2451.0
251,#4,Solstice,VE6CjkevP7,1988.0,-1012.0
251,#2,batman,17tIx_sCkr,1037.0,237.0
251,#10,DPolkPN,IaIW3olpE5,2580.0,580.0
251,#1,kyle,RrKc0G7X9h,785.0,35.0
251,-1,killua,DIsyWHTS7x,1142.0,392.0
251,-1,Dinofeet,WDkEzb0PKB,0.0,-1750.0
251,-1,killua,DIsyWHTS7x,1142.0,392.0
252,#5,notj,XeSXhCfPVo,544.0,-2456.0
252,#4,Solstice,VE6CjkevP7,1986.0,-1014.0
252,#3,kuwupt,y91-_Z5Cgn,494.0,-6.0
252,#2,batman,17tIx_sCkr,2043.0,1243.0
252,#10,DPolkPN,IaIW3olpE5,2580.0,580.0
252,#1,kyle,RrKc0G7X9h,785.0,35.0
253,#5,notj,XeSXhCfPVo,542.0,-2458.0
253,#4,Solstice,VE6CjkevP7,1986.0,-1014.0
253,#3,kuwupt,y91-_Z5Cgn,487.0,-13.0
253,#2,batman,17tIx_sCkr,2043.0,1243.0
253,#10,DPolkPN,IaIW3olpE5,2589.0,589.0
253,#1,kyle,RrKc0G7X9h,785.0,35.0
254,#9,Dinofeet,WDkEzb0PKB,2000.0,-1750.0
254,#5,notj,XeSXhCfPVo,542.0,-2458.0
254,#4,Solstice,VE6CjkevP7,1993.0,-1007.0
254,#3,kuwupt,y91-_Z5Cgn,487.0,-13.0
254,#2,batman,17tIx_sCkr,2043.0,1243.0
254,#10,DPolkPN,IaIW3olpE5,2587.0,587.0
254,#1,kyle,RrKc0G7X9h,780.0,30.0
255,#9,Dinofeet,WDkEzb0PKB,2000.0,-1750.0
255,#5,notj,XeSXhCfPVo,542.0,-2458.0
255,#4,Solstice,VE6CjkevP7,1993.0,-1007.0
255,#3,kuwupt,y91-_Z5Cgn,494.0,-6.0
255,#2,batman,17tIx_sCkr,2038.0,1238.0
255,#10,DPolkPN,IaIW3olpE5,2587.0,587.0
255,#1,kyle,RrKc0G7X9h,778.0,28.0
256,#9,Dinofeet,WDkEzb0PKB,2000.0,-1750.0
256,#5,notj,XeSXhCfPVo,542.0,-2458.0
256,#4,Solstice,VE6CjkevP7,1993.0,-1007.0
256,#3,kuwupt,y91-_Z5Cgn,546.0,46.0
256,#2,batman,17tIx_sCkr,2036.0,1236.0
256,#10,DPolkPN,IaIW3olpE5,2537.0,537.0
256,#1,kyle,RrKc0G7X9h,778.0,28.0
257,#9,Dinofeet,WDkEzb0PKB,2000.0,-1750.0
257,#5,notj,XeSXhCfPVo,542.0,-2458.0
257,#4,Solstice,VE6CjkevP7,1995.0,-1005.0
257,#3,kuwupt,y91-_Z5Cgn,544.0,44.0
257,#2,batman,17tIx_sCkr,2036.0,1236.0
257,#10,DPolkPN,IaIW3olpE5,2537.0,537.0
257,#1,kyle,RrKc0G7X9h,778.0,28.0
258,#9,Dinofeet,WDkEzb0PKB,2000.0,-1750.0
258,#5,notj,XeSXhCfPVo,537.0,-2463.0
258,#4,Solstice,VE6CjkevP7,1993.0,-1007.0
258,#3,kuwupt,y91-_Z5Cgn,529.0,29.0
258,#2,batman,17tIx_sCkr,2036.0,1236.0
258,#10,DPolkPN,IaIW3olpE5,2537.0,537.0
258,#1,kyle,RrKc0G7X9h,800.0,50.0
259,#9,Dinofeet,WDkEzb0PKB,1995.0,-1755.0
259,#5,notj,XeSXhCfPVo,535.0,-2465.0
259,#4,Solstice,VE6CjkevP7,1993.0,-1007.0
259,#3,kuwupt,y91-_Z5Cgn,581.0,81.0
259,#2,batman,17tIx_sCkr,2036.0,1236.0
259,#10,DPolkPN,IaIW3olpE5,2492.0,492.0
259,#1,kyle,RrKc0G7X9h,800.0,50.0
260,#9,Dinofeet,WDkEzb0PKB,2000.0,-1750.0
260,#5,notj,XeSXhCfPVo,535.0,-2465.0
260,#4,Solstice,VE6CjkevP7,1993.0,-1007.0
260,#3,kuwupt,y91-_Z5Cgn,581.0,81.0
260,#2,batman,17tIx_sCkr,2036.0,1236.0
260,#10,DPolkPN,IaIW3olpE5,2487.0,487.0
260,#1,kyle,RrKc0G7X9h,800.0,50.0
261,#9,Dinofeet,WDkEzb0PKB,2012.0,-1738.0
261,#5,notj,XeSXhCfPVo,535.0,-2465.0
261,#4,Solstice,VE6CjkevP7,1993.0,-1007.0
261,#3,kuwupt,y91-_Z5Cgn,576.0,76.0
261,#2,batman,17tIx_sCkr,2036.0,1236.0
261,#10,DPolkPN,IaIW3olpE5,2485.0,485.0
261,#1,kyle,RrKc0G7X9h,795.0,45.0
262,#9,Dinofeet,WDkEzb0PKB,2012.0,-1738.0
262,#7,Ivey,K754ovZBPt,800.0,0.0
262,#5,notj,XeSXhCfPVo,535.0,-2465.0
262,#4,Solstice,VE6CjkevP7,1993.0,-1007.0
262,#3,kuwupt,y91-_Z5Cgn,593.0,93.0
262,#2,batman,17tIx_sCkr,2031.0,1231.0
262,#10,DPolkPN,IaIW3olpE5,2485.0,485.0
262,#1,kyle,RrKc0G7X9h,783.0,33.0
263,#9,Dinofeet,WDkEzb0PKB,2012.0,-1738.0
263,#7,Ivey,K754ovZBPt,800.0,0.0
263,#5,notj,XeSXhCfPVo,535.0,-2465.0
263,#4,Solstice,VE6CjkevP7,1958.0,-1042.0
263,#3,kuwupt,y91-_Z5Cgn,588.0,88.0
263,#2,batman,17tIx_sCkr,2029.0,1229.0
263,#10,DPolkPN,IaIW3olpE5,2485.0,485.0
263,#1,kyle,RrKc0G7X9h,825.0,75.0
264,#9,Dinofeet,WDkEzb0PKB,2012.0,-1738.0
264,#7,Ivey,K754ovZBPt,800.0,0.0
264,#5,notj,XeSXhCfPVo,535.0,-2465.0
264,#4,Solstice,VE6CjkevP7,1943.0,-1057.0
264,#3,kuwupt,y91-_Z5Cgn,618.0,118.0
264,#2,batman,17tIx_sCkr,2029.0,1229.0
264,#10,DPolkPN,IaIW3olpE5,2470.0,470.0
264,#1,kyle,RrKc0G7X9h,825.0,75.0
265,#9,Dinofeet,WDkEzb0PKB,2001.0,-1749.0
265,#7,Ivey,K754ovZBPt,800.0,0.0
265,#5,notj,XeSXhCfPVo,557.0,-2443.0
265,#4,Solstice,VE6CjkevP7,1932.0,-1068.0
265,#3,kuwupt,y91-_Z5Cgn,618.0,118.0
265,#2,batman,17tIx_sCkr,2029.0,1229.0
265,#10,DPolkPN,IaIW3olpE5,2470.0,470.0
265,#1,kyle,RrKc0G7X9h,825.0,75.0
266,#9,Dinofeet,WDkEzb0PKB,2001.0,-1749.0
266,#7,Ivey,K754ovZBPt,710.0,-90.0
266,#5,notj,XeSXhCfPVo,555.0,-2445.0
266,#4,Solstice,VE6CjkevP7,2024.0,-976.0
266,#3,kuwupt,y91-_Z5Cgn,618.0,118.0
266,#2,batman,17tIx_sCkr,2029.0,1229.0
266,#10,DPolkPN,IaIW3olpE5,2470.0,470.0
266,#1,kyle,RrKc0G7X9h,825.0,75.0
267,#9,Dinofeet,WDkEzb0PKB,1996.0,-1754.0
267,#7,Ivey,K754ovZBPt,708.0,-92.0
267,#5,notj,XeSXhCfPVo,555.0,-2445.0
267,#4,Solstice,VE6CjkevP7,2024.0,-976.0
267,#3,kuwupt,y91-_Z5Cgn,553.0,53.0
267,#2,batman,17tIx_sCkr,2029.0,1229.0
267,#10,DPolkPN,IaIW3olpE5,2542.0,542.0
267,#1,kyle,RrKc0G7X9h,825.0,75.0
268,#9,Dinofeet,WDkEzb0PKB,1981.0,-1769.0
268,#7,Ivey,K754ovZBPt,708.0,-92.0
268,#5,notj,XeSXhCfPVo,518.0,-2482.0
268,#4,Solstice,VE6CjkevP7,2024.0,-976.0
268,#3,kuwupt,y91-_Z5Cgn,553.0,53.0
268,#2,batman,17tIx_sCkr,2029.0,1229.0
268,#10,DPolkPN,IaIW3olpE5,2594.0,594.0
268,#1,kyle,RrKc0G7X9h,825.0,75.0
269,#9,Dinofeet,WDkEzb0PKB,1981.0,-1769.0
269,#7,Ivey,K754ovZBPt,708.0,-92.0
269,#5,notj,XeSXhCfPVo,525.0,-2475.0
269,#4,Solstice,VE6CjkevP7,2024.0,-976.0
269,#3,kuwupt,y91-_Z5Cgn,553.0,53.0
269,#2,batman,17tIx_sCkr,2029.0,1229.0
269,#10,DPolkPN,IaIW3olpE5,2592.0,592.0
269,#1,kyle,RrKc0G7X9h,820.0,70.0
270,#9,Dinofeet,WDkEzb0PKB,1981.0,-1769.0
270,#7,Ivey,K754ovZBPt,708.0,-92.0
270,#5,notj,XeSXhCfPVo,542.0,-2458.0
270,#4,Solstice,VE6CjkevP7,2024.0,-976.0
270,#3,kuwupt,y91-_Z5Cgn,553.0,53.0
270,#2,batman,17tIx_sCkr,2014.0,1214.0
270,#10,DPolkPN,IaIW3olpE5,2592.0,592.0
270,#1,kyle,RrKc0G7X9h,818.0,68.0
271,#9,Dinofeet,WDkEzb0PKB,1981.0,-1769.0
271,#7,Ivey,K754ovZBPt,708.0,-92.0
271,#5,notj,XeSXhCfPVo,542.0,-2458.0
271,#4,Solstice,VE6CjkevP7,2124.0,-876.0
271,#3,kuwupt,y91-_Z5Cgn,463.0,-37.0
271,#2,batman,17tIx_sCkr,2004.0,1204.0
271,#10,DPolkPN,IaIW3olpE5,2592.0,592.0
271,#1,kyle,RrKc0G7X9h,818.0,68.0
272,#9,Dinofeet,WDkEzb0PKB,1970.0,-1780.0
272,#7,Ivey,K754ovZBPt,708.0,-92.0
272,#5,notj,XeSXhCfPVo,542.0,-2458.0
272,#4,Solstice,VE6CjkevP7,2119.0,-881.0
272,#3,kuwupt,y91-_Z5Cgn,461.0,-39.0
272,#2,batman,17tIx_sCkr,2004.0,1204.0
272,#10,DPolkPN,IaIW3olpE5,2592.0,592.0
272,#1,kyle,RrKc0G7X9h,836.0,86.0
273,#9,Dinofeet,WDkEzb0PKB,2122.0,-1628.0
273,#7,Ivey,K754ovZBPt,693.0,-107.0
273,#5,notj,XeSXhCfPVo,522.0,-2478.0
273,#4,Solstice,VE6CjkevP7,2102.0,-898.0
273,#3,kuwupt,y91-_Z5Cgn,446.0,-54.0
273,#2,batman,17tIx_sCkr,1989.0,1189.0
273,#10,DPolkPN,IaIW3olpE5,2537.0,537.0
273,#1,kyle,RrKc0G7X9h,821.0,71.0
274,#9,Dinofeet,WDkEzb0PKB,2107.0,-1643.0
274,#7,Ivey,K754ovZBPt,668.0,-132.0
274,#5,notj,XeSXhCfPVo,505.0,-2495.0
274,#4,Solstice,VE6CjkevP7,2087.0,-913.0
274,#3,kuwupt,y91-_Z5Cgn,431.0,-69.0
274,#2,batman,17tIx_sCkr,2106.0,1306.0
274,#10,DPolkPN,IaIW3olpE5,2522.0,522.0
274,#1,kyle,RrKc0G7X9h,806.0,56.0
275,#9,Dinofeet,WDkEzb0PKB,2107.0,-1718.0
275,#7,Ivey,K754ovZBPt,668.0,-207.0
275,#5,notj,XeSXhCfPVo,505.0,-2570.0
275,#4,Solstice,VE6CjkevP7,2087.0,-388.0
275,#3,kuwupt,y91-_Z5Cgn,431.0,-144.0
275,#2,batman,17tIx_sCkr,2106.0,1231.0
275,#10,DPolkPN,IaIW3olpE5,2522.0,375.0
275,#1,kyle,RrKc0G7X9h,806.0,-19.0
276,#9,Dinofeet,WDkEzb0PKB,2092.0,-1733.0
276,#7,Ivey,K754ovZBPt,653.0,-222.0
276,#5,notj,XeSXhCfPVo,490.0,-2585.0
276,#4,Solstice,VE6CjkevP7,2072.0,-403.0
276,#3,kuwupt,y91-_Z5Cgn,596.0,21.0
276,#2,batman,17tIx_sCkr,2031.0,1156.0
276,#10,DPolkPN,IaIW3olpE5,2507.0,360.0
276,#1,kyle,RrKc0G7X9h,791.0,-34.0
277,#9,Dinofeet,WDkEzb0PKB,2017.0,-1808.0
277,#7,Ivey,K754ovZBPt,638.0,-237.0
277,#5,notj,XeSXhCfPVo,475.0,-2600.0
277,#4,Solstice,VE6CjkevP7,2057.0,-418.0
277,#3,kuwupt,y91-_Z5Cgn,581.0,6.0
277,#2,batman,17tIx_sCkr,2016.0,1141.0
277,#10,DPolkPN,IaIW3olpE5,2672.0,525.0
277,#1,kyle,RrKc0G7X9h,776.0,-49.0
278,#9,Dinofeet,WDkEzb0PKB,2002.0,-1823.0
278,#7,Ivey,K754ovZBPt,623.0,-252.0
278,#5,notj,XeSXhCfPVo,40.0,-3035.0
278,#4,Solstice,VE6CjkevP7,2042.0,-433.0
278,#3,kuwupt,y91-_Z5Cgn,566.0,-9.0
278,#2,batman,17tIx_sCkr,2541.0,1666.0
278,#10,DPolkPN,IaIW3olpE5,2657.0,510.0
278,#1,kyle,RrKc0G7X9h,761.0,-64.0
279,#9,Dinofeet,WDkEzb0PKB,2059.0,-1766.0
279,#7,Ivey,K754ovZBPt,608.0,-267.0
279,#5,notj,XeSXhCfPVo,98.0,-2977.0
279,#4,Solstice,VE6CjkevP7,2027.0,-448.0
279,#3,kuwupt,y91-_Z5Cgn,551.0,-24.0
279,#2,batman,17tIx_sCkr,2526.0,1651.0
279,#10,DPolkPN,IaIW3olpE5,2617.0,470.0
279,#1,kyle,RrKc0G7X9h,746.0,-79.0
280,#9,Dinofeet,WDkEzb0PKB,2044.0,-1781.0
280,#7,Ivey,K754ovZBPt,653.0,-222.0
280,#5,notj,XeSXhCfPVo,83.0,-2992.0
280,#4,Solstice,VE6CjkevP7,2012.0,-463.0
280,#3,kuwupt,y91-_Z5Cgn,536.0,-39.0
280,#2,batman,17tIx_sCkr,2511.0,1636.0
280,#10,DPolkPN,IaIW3olpE5,2662.0,515.0
280,#1,kyle,RrKc0G7X9h,731.0,-94.0
281,#9,Dinofeet,WDkEzb0PKB,1961.0,-1864.0
281,#7,Ivey,K754ovZBPt,638.0,-237.0
281,#5,notj,XeSXhCfPVo,162.0,-2913.0
281,#4,Solstice,VE6CjkevP7,1997.0,-478.0
281,#3,kuwupt,y91-_Z5Cgn,615.0,40.0
281,#2,batman,17tIx_sCkr,2496.0,1621.0
281,#10,DPolkPN,IaIW3olpE5,2647.0,500.0
281,#1,kyle,RrKc0G7X9h,716.0,-109.0
282,#9,Dinofeet,WDkEzb0PKB,1946.0,-1879.0
282,#7,Ivey,K754ovZBPt,23.0,-852.0
282,#5,notj,XeSXhCfPVo,147.0,-2928.0
282,#4,Solstice,VE6CjkevP7,1982.0,-493.0
282,#3,kuwupt,y91-_Z5Cgn,1320.0,745.0
282,#2,batman,17tIx_sCkr,2481.0,1606.0
282,#10,DPolkPN,IaIW3olpE5,2632.0,485.0
282,#1,kyle,RrKc0G7X9h,701.0,-124.0
282,-1,Ivey,K754ovZBPt,0.0,-875.0
283,#9,Dinofeet,WDkEzb0PKB,2059.0,-1766.0
283,#5,notj,XeSXhCfPVo,132.0,-2943.0
283,#4,Solstice,VE6CjkevP7,1967.0,-508.0
283,#3,kuwupt,y91-_Z5Cgn,1305.0,730.0
283,#2,batman,17tIx_sCkr,2466.0,1591.0
283,#10,DPolkPN,IaIW3olpE5,2617.0,470.0
283,#1,kyle,RrKc0G7X9h,686.0,-139.0
284,#9,Dinofeet,WDkEzb0PKB,2042.0,-1783.0
284,#5,notj,XeSXhCfPVo,132.0,-2943.0
284,#4,Solstice,VE6CjkevP7,1984.0,-491.0
284,#3,kuwupt,y91-_Z5Cgn,1305.0,730.0
284,#2,batman,17tIx_sCkr,2466.0,1591.0
284,#10,DPolkPN,IaIW3olpE5,2617.0,470.0
284,#1,kyle,RrKc0G7X9h,686.0,-139.0
285,#9,Dinofeet,WDkEzb0PKB,2040.0,-1785.0
285,#7,Ivey,K754ovZBPt,800.0,-875.0
285,#5,notj,XeSXhCfPVo,132.0,-2943.0
285,#4,Solstice,VE6CjkevP7,1984.0,-491.0
285,#3,kuwupt,y91-_Z5Cgn,1305.0,730.0
285,#2,batman,17tIx_sCkr,2489.0,1614.0
285,#10,DPolkPN,IaIW3olpE5,2596.0,449.0
285,#1,kyle,RrKc0G7X9h,686.0,-139.0
286,#9,Dinofeet,WDkEzb0PKB,2040.0,-1785.0
286,#7,Ivey,K754ovZBPt,800.0,-875.0
286,#5,notj,XeSXhCfPVo,132.0,-2943.0
286,#4,Solstice,VE6CjkevP7,1984.0,-491.0
286,#3,kuwupt,y91-_Z5Cgn,1305.0,730.0
286,#2,batman,17tIx_sCkr,2489.0,1614.0
286,#10,DPolkPN,IaIW3olpE5,2594.0,447.0
286,#1,kyle,RrKc0G7X9h,688.0,-137.0
287,#9,Dinofeet,WDkEzb0PKB,1905.0,-1920.0
287,#7,Ivey,K754ovZBPt,800.0,-875.0
287,#5,notj,XeSXhCfPVo,132.0,-2943.0
287,#4,Solstice,VE6CjkevP7,1984.0,-491.0
287,#3,kuwupt,y91-_Z5Cgn,1305.0,730.0
287,#2,batman,17tIx_sCkr,2484.0,1609.0
287,#10,DPolkPN,IaIW3olpE5,2594.0,447.0
287,#1,kyle,RrKc0G7X9h,828.0,3.0
288,#9,Dinofeet,WDkEzb0PKB,1936.0,-1889.0
288,#7,Ivey,K754ovZBPt,800.0,-875.0
288,#5,notj,XeSXhCfPVo,132.0,-2943.0
288,#4,Solstice,VE6CjkevP7,1984.0,-491.0
288,#3,kuwupt,y91-_Z5Cgn,1276.0,701.0
288,#2,batman,17tIx_sCkr,2482.0,1607.0
288,#10,DPolkPN,IaIW3olpE5,2594.0,447.0
288,#1,kyle,RrKc0G7X9h,828.0,3.0
288,-1,notj,XeSXhCfPVo,132.0,-2943.0
289,#9,Dinofeet,WDkEzb0PKB,1861.0,-1964.0
289,#7,Ivey,K754ovZBPt,800.0,-875.0
289,#4,Solstice,VE6CjkevP7,1973.0,-502.0
289,#3,kuwupt,y91-_Z5Cgn,1362.0,787.0
289,#2,batman,17tIx_sCkr,2482.0,1607.0
289,#10,DPolkPN,IaIW3olpE5,2594.0,447.0
289,#1,kyle,RrKc0G7X9h,828.0,3.0
290,#9,Dinofeet,WDkEzb0PKB,1861.0,-1964.0
290,#7,Ivey,K754ovZBPt,795.0,-880.0
290,#4,Solstice,VE6CjkevP7,1971.0,-504.0
290,#3,kuwupt,y91-_Z5Cgn,1369.0,794.0
290,#2,batman,17tIx_sCkr,2482.0,1607.0
290,#10,DPolkPN,IaIW3olpE5,2594.0,447.0
290,#1,kyle,RrKc0G7X9h,828.0,3.0
291,#9,Dinofeet,WDkEzb0PKB,1856.0,-1969.0
291,#7,Ivey,K754ovZBPt,793.0,-882.0
291,#4,Solstice,VE6CjkevP7,1971.0,-504.0
291,#3,kuwupt,y91-_Z5Cgn,1369.0,794.0
291,#2,batman,17tIx_sCkr,2489.0,1614.0
291,#10,DPolkPN,IaIW3olpE5,2594.0,447.0
291,#1,kyle,RrKc0G7X9h,828.0,3.0
291,-1,Dinofeet,WDkEzb0PKB,1854.0,-1971.0
292,#7,Ivey,K754ovZBPt,783.0,-892.0
292,#5,ebn,PQzZOm4ms5,750.0,0.0
292,#4,Solstice,VE6CjkevP7,1971.0,-504.0
292,#3,kuwupt,y91-_Z5Cgn,1369.0,794.0
292,#2,batman,17tIx_sCkr,2506.0,1631.0
292,#10,DPolkPN,IaIW3olpE5,2589.0,442.0
292,#1,kyle,RrKc0G7X9h,828.0,3.0
293,#7,Ivey,K754ovZBPt,783.0,-892.0
293,#5,ebn,PQzZOm4ms5,750.0,0.0
293,#4,Solstice,VE6CjkevP7,1971.0,-504.0
293,#3,kuwupt,y91-_Z5Cgn,1369.0,794.0
293,#2,batman,17tIx_sCkr,2526.0,1651.0
293,#10,DPolkPN,IaIW3olpE5,2579.0,432.0
293,#1,kyle,RrKc0G7X9h,818.0,-7.0
293,-1,ebn,PQzZOm4ms5,750.0,0.0
294,#7,Ivey,K754ovZBPt,783.0,-892.0
294,#4,Solstice,VE6CjkevP7,1954.0,-521.0
294,#3,kuwupt,y91-_Z5Cgn,1369.0,794.0
294,#2,batman,17tIx_sCkr,2545.0,1670.0
294,#10,DPolkPN,IaIW3olpE5,2579.0,432.0
294,#1,kyle,RrKc0G7X9h,816.0,-9.0
295,#7,Ivey,K754ovZBPt,668.0,-1007.0
295,#5,ebnn,82niKM9BBl,750.0,0.0
295,#4,Solstice,VE6CjkevP7,2076.0,-399.0
295,#3,kuwupt,y91-_Z5Cgn,1364.0,789.0
295,#2,batman,17tIx_sCkr,2543.0,1668.0
295,#10,DPolkPN,IaIW3olpE5,2579.0,432.0
295,#1,kyle,RrKc0G7X9h,816.0,-9.0
296,#7,Ivey,K754ovZBPt,668.0,-1007.0
296,#5,ebnn,82niKM9BBl,750.0,0.0
296,#4,Solstice,VE6CjkevP7,2085.0,-390.0
296,#3,kuwupt,y91-_Z5Cgn,1362.0,787.0
296,#2,batman,17tIx_sCkr,2543.0,1668.0
296,#10,DPolkPN,IaIW3olpE5,2564.0,417.0
296,#1,kyle,RrKc0G7X9h,824.0,-1.0
297,#7,Ivey,K754ovZBPt,668.0,-1007.0
297,#5,ebnn,82niKM9BBl,752.0,2.0
297,#4,Solstice,VE6CjkevP7,2083.0,-392.0
297,#3,kuwupt,y91-_Z5Cgn,1362.0,787.0
297,#2,batman,17tIx_sCkr,2543.0,1668.0
297,#10,DPolkPN,IaIW3olpE5,2564.0,417.0
297,#1,kyle,RrKc0G7X9h,824.0,-1.0
298,#7,Ivey,K754ovZBPt,663.0,-1012.0
298,#5,ebnn,82niKM9BBl,750.0,0.0
298,#4,Solstice,VE6CjkevP7,2083.0,-392.0
298,#3,kuwupt,y91-_Z5Cgn,1362.0,787.0
298,#2,batman,17tIx_sCkr,2550.0,1675.0
298,#10,DPolkPN,IaIW3olpE5,2564.0,417.0
298,#1,kyle,RrKc0G7X9h,824.0,-1.0
299,#7,Ivey,K754ovZBPt,683.0,-992.0
299,#5,ebnn,82niKM9BBl,750.0,0.0
299,#4,Solstice,VE6CjkevP7,2083.0,-392.0
299,#3,kuwupt,y91-_Z5Cgn,1362.0,787.0
299,#2,batman,17tIx_sCkr,2550.0,1675.0
299,#10,DPolkPN,IaIW3olpE5,2559.0,412.0
299,#1,kyle,RrKc0G7X9h,809.0,-16.0
300,#7,Ivey,K754ovZBPt,683.0,-992.0
300,#5,ebnn,82niKM9BBl,750.0,0.0
300,#4,Solstice,VE6CjkevP7,2083.0,-392.0
300,#3,kuwupt,y91-_Z5Cgn,1362.0,787.0
300,#2,batman,17tIx_sCkr,2550.0,1675.0
300,#10,DPolkPN,IaIW3olpE5,2557.0,410.0
300,#1,kyle,RrKc0G7X9h,811.0,-14.0
300,-1,kuwupt,y91-_Z5Cgn,1362.0,787.0
300,-1,kuwupt,y91-_Z5Cgn,1362.0,787.0
301,#7,Ivey,K754ovZBPt,648.0,-1027.0
301,#5,ebnn,82niKM9BBl,750.0,0.0
301,#4,Solstice,VE6CjkevP7,2073.0,-402.0
301,#2,batman,17tIx_sCkr,2545.0,1670.0
301,#10,DPolkPN,IaIW3olpE5,2557.0,410.0
301,#1,kyle,RrKc0G7X9h,861.0,36.0
302,#7,Ivey,K754ovZBPt,648.0,-1027.0
302,#5,ebnn,82niKM9BBl,750.0,0.0
302,#4,Solstice,VE6CjkevP7,2075.0,-400.0
302,#2,batman,17tIx_sCkr,2543.0,1668.0
302,#10,DPolkPN,IaIW3olpE5,2557.0,410.0
302,#1,kyle,RrKc0G7X9h,861.0,36.0
303,#7,Ivey,K754ovZBPt,648.0,-1027.0
303,#5,ebnn,82niKM9BBl,745.0,-5.0
303,#4,Solstice,VE6CjkevP7,2073.0,-402.0
303,#2,batman,17tIx_sCkr,2493.0,1618.0
303,#10,DPolkPN,IaIW3olpE5,2614.0,467.0
303,#1,kyle,RrKc0G7X9h,861.0,36.0
304,#9,Dinofeet,WDkEzb0PKB,1854.0,-1971.0
304,#7,Ivey,K754ovZBPt,643.0,-1032.0
304,#5,ebnn,82niKM9BBl,743.0,-7.0
304,#4,Solstice,VE6CjkevP7,2073.0,-402.0
304,#2,batman,17tIx_sCkr,2500.0,1625.0
304,#10,DPolkPN,IaIW3olpE5,2614.0,467.0
304,#1,kyle,RrKc0G7X9h,861.0,36.0
305,#9,Dinofeet,WDkEzb0PKB,1874.0,-1951.0
305,#7,Ivey,K754ovZBPt,641.0,-1034.0
305,#5,ebnn,82niKM9BBl,743.0,-7.0
305,#4,Solstice,VE6CjkevP7,2055.0,-420.0
305,#2,batman,17tIx_sCkr,2500.0,1625.0
305,#10,DPolkPN,IaIW3olpE5,2614.0,467.0
305,#1,kyle,RrKc0G7X9h,861.0,36.0
306,#9,Dinofeet,WDkEzb0PKB,1872.0,-1953.0
306,#7,Ivey,K754ovZBPt,648.0,-1027.0
306,#5,ebnn,82niKM9BBl,743.0,-7.0
306,#4,Solstice,VE6CjkevP7,2055.0,-420.0
306,#2,batman,17tIx_sCkr,2500.0,1625.0
306,#10,DPolkPN,IaIW3olpE5,2609.0,462.0
306,#1,kyle,RrKc0G7X9h,861.0,36.0
307,#9,Dinofeet,WDkEzb0PKB,1872.0,-1953.0
307,#7,Ivey,K754ovZBPt,648.0,-1027.0
307,#5,ebnn,82niKM9BBl,743.0,-7.0
307,#4,Solstice,VE6CjkevP7,2055.0,-420.0
307,#2,batman,17tIx_sCkr,2657.0,1782.0
307,#10,DPolkPN,IaIW3olpE5,2457.0,310.0
307,#1,kyle,RrKc0G7X9h,856.0,31.0
308,#9,Dinofeet,WDkEzb0PKB,1859.0,-1966.0
308,#7,Ivey,K754ovZBPt,743.0,-932.0
308,#5,ebnn,82niKM9BBl,743.0,-7.0
308,#4,Solstice,VE6CjkevP7,2055.0,-420.0
308,#2,batman,17tIx_sCkr,2652.0,1777.0
308,#10,DPolkPN,IaIW3olpE5,2382.0,235.0
308,#1,kyle,RrKc0G7X9h,854.0,29.0
308,-1,kyle,RrKc0G7X9h,854.0,29.0
309,#9,Dinofeet,WDkEzb0PKB,1939.0,-1886.0
309,#7,Ivey,K754ovZBPt,743.0,-932.0
309,#5,ebnn,82niKM9BBl,670.0,-80.0
309,#4,Solstice,VE6CjkevP7,2050.0,-425.0
309,#2,batman,17tIx_sCkr,2650.0,1775.0
309,#10,DPolkPN,IaIW3olpE5,2382.0,235.0
310,#9,Dinofeet,WDkEzb0PKB,1939.0,-1886.0
310,#7,Ivey,K754ovZBPt,743.0,-932.0
310,#5,ebnn,82niKM9BBl,665.0,-85.0
310,#4,Solstice,VE6CjkevP7,2048.0,-427.0
310,#2,batman,17tIx_sCkr,2547.0,1672.0
310,#10,DPolkPN,IaIW3olpE5,2492.0,345.0
311,#9,Dinofeet,WDkEzb0PKB,1939.0,-1886.0
311,#7,Ivey,K754ovZBPt,755.0,-920.0
311,#5,ebnn,82niKM9BBl,663.0,-87.0
311,#4,Solstice,VE6CjkevP7,2038.0,-437.0
311,#2,batman,17tIx_sCkr,2547.0,1672.0
311,#10,DPolkPN,IaIW3olpE5,2492.0,345.0
312,#9,Dinofeet,WDkEzb0PKB,1934.0,-1891.0
312,#7,Ivey,K754ovZBPt,760.0,-915.0
312,#5,ebnn,82niKM9BBl,663.0,-87.0
312,#4,Solstice,VE6CjkevP7,2038.0,-437.0
312,#3,AM,aIHzyAxYDy,500.0,0.0
312,#2,batman,17tIx_sCkr,2547.0,1672.0
312,#10,DPolkPN,IaIW3olpE5,2492.0,345.0
313,#9,Dinofeet,WDkEzb0PKB,1932.0,-1893.0
313,#7,Ivey,K754ovZBPt,1121.0,-554.0
313,#5,ebnn,82niKM9BBl,663.0,-87.0
313,#4,Solstice,VE6CjkevP7,2038.0,-437.0
313,#3,AM,aIHzyAxYDy,500.0,0.0
313,#2,batman,17tIx_sCkr,2547.0,1672.0
313,#10,DPolkPN,IaIW3olpE5,2133.0,-14.0
314,#9,Dinofeet,WDkEzb0PKB,1932.0,-1893.0
314,#7,Ivey,K754ovZBPt,1121.0,-554.0
314,#5,ebnn,82niKM9BBl,648.0,-102.0
314,#4,Solstice,VE6CjkevP7,2038.0,-437.0
314,#3,AM,aIHzyAxYDy,532.0,32.0
314,#2,batman,17tIx_sCkr,2532.0,1657.0
314,#10,DPolkPN,IaIW3olpE5,2131.0,-16.0
315,#9,Dinofeet,WDkEzb0PKB,1932.0,-1893.0
315,#7,Ivey,K754ovZBPt,1121.0,-554.0
315,#5,ebnn,82niKM9BBl,648.0,-102.0
315,#4,Solstice,VE6CjkevP7,1998.0,-477.0
315,#3,AM,aIHzyAxYDy,522.0,22.0
315,#2,batman,17tIx_sCkr,2582.0,1707.0
315,#10,DPolkPN,IaIW3olpE5,2131.0,-16.0
316,#9,Dinofeet,WDkEzb0PKB,1932.0,-1893.0
316,#7,Ivey,K754ovZBPt,1121.0,-554.0
316,#5,ebnn,82niKM9BBl,648.0,-102.0
316,#4,Solstice,VE6CjkevP7,2041.0,-434.0
316,#3,AM,aIHzyAxYDy,520.0,20.0
316,#2,batman,17tIx_sCkr,2541.0,1666.0
316,#10,DPolkPN,IaIW3olpE5,2131.0,-16.0
317,#9,Dinofeet,WDkEzb0PKB,1848.0,-1977.0
317,#7,Ivey,K754ovZBPt,1221.0,-454.0
317,#5,ebnn,82niKM9BBl,634.0,-116.0
317,#4,Solstice,VE6CjkevP7,2039.0,-436.0
317,#3,AM,aIHzyAxYDy,520.0,20.0
317,#2,batman,17tIx_sCkr,2541.0,1666.0
317,#10,DPolkPN,IaIW3olpE5,2131.0,-16.0
318,#9,Dinofeet,WDkEzb0PKB,1848.0,-1977.0
318,#7,Ivey,K754ovZBPt,1204.0,-471.0
318,#5,ebnn,82niKM9BBl,632.0,-118.0
318,#4,Solstice,VE6CjkevP7,2058.0,-417.0
318,#3,AM,aIHzyAxYDy,520.0,20.0
318,#2,batman,17tIx_sCkr,2541.0,1666.0
318,#10,DPolkPN,IaIW3olpE5,2131.0,-16.0
319,#9,Dinofeet,WDkEzb0PKB,1843.0,-1982.0
319,#7,Ivey,K754ovZBPt,1177.0,-498.0
319,#5,ebnn,82niKM9BBl,632.0,-118.0
319,#4,Solstice,VE6CjkevP7,2058.0,-417.0
319,#3,AM,aIHzyAxYDy,520.0,20.0
319,#2,batman,17tIx_sCkr,2541.0,1666.0
319,#10,DPolkPN,IaIW3olpE5,2163.0,16.0
320,#9,Dinofeet,WDkEzb0PKB,1858.0,-1967.0
320,#7,Ivey,K754ovZBPt,1177.0,-498.0
320,#5,ebnn,82niKM9BBl,632.0,-118.0
320,#4,Solstice,VE6CjkevP7,2048.0,-427.0
320,#3,AM,aIHzyAxYDy,520.0,20.0
320,#2,batman,17tIx_sCkr,2541.0,1666.0
320,#10,DPolkPN,IaIW3olpE5,2158.0,11.0
321,#9,Dinofeet,WDkEzb0PKB,1858.0,-1967.0
321,#7,Ivey,K754ovZBPt,972.0,-703.0
321,#5,ebnn,82niKM9BBl,632.0,-118.0
321,#4,Solstice,VE6CjkevP7,2048.0,-427.0
321,#3,AM,aIHzyAxYDy,732.0,232.0
321,#2,batman,17tIx_sCkr,2536.0,1661.0
321,#10,DPolkPN,IaIW3olpE5,2156.0,9.0
322,#9,Dinofeet,WDkEzb0PKB,1963.0,-1862.0
322,#7,Ivey,K754ovZBPt,972.0,-703.0
322,#5,ebnn,82niKM9BBl,534.0,-216.0
322,#4,Solstice,VE6CjkevP7,2048.0,-427.0
322,#3,AM,aIHzyAxYDy,727.0,227.0
322,#2,batman,17tIx_sCkr,2534.0,1659.0
322,#10,DPolkPN,IaIW3olpE5,2156.0,9.0
323,#9,Dinofeet,WDkEzb0PKB,1948.0,-1877.0
323,#7,Ivey,K754ovZBPt,957.0,-718.0
323,#5,ebnn,82niKM9BBl,519.0,-231.0
323,#4,Solstice,VE6CjkevP7,2028.0,-447.0
323,#3,AM,aIHzyAxYDy,924.0,424.0
323,#2,batman,17tIx_sCkr,2519.0,1644.0
323,#10,DPolkPN,IaIW3olpE5,2039.0,-108.0
323,-1,ebnn,82niKM9BBl,0.0,-750.0
324,#9,Dinofeet,WDkEzb0PKB,1948.0,-1877.0
324,#7,Ivey,K754ovZBPt,1478.0,-197.0
324,#4,Solstice,VE6CjkevP7,2026.0,-449.0
324,#3,AM,aIHzyAxYDy,924.0,424.0
324,#2,batman,17tIx_sCkr,2519.0,1644.0
324,#10,DPolkPN,IaIW3olpE5,2039.0,-108.0
324,-1,DPolkPN,IaIW3olpE5,2039.0,-108.0
325,#9,Dinofeet,WDkEzb0PKB,1923.0,-1902.0
325,#7,Ivey,K754ovZBPt,1503.0,-172.0
325,#4,Solstice,VE6CjkevP7,2026.0,-449.0
325,#3,AM,aIHzyAxYDy,924.0,424.0
325,#2,batman,17tIx_sCkr,2519.0,1644.0
325,-1,batman,17tIx_sCkr,2519.0,1644.0
326,#9,Dinofeet,WDkEzb0PKB,1925.0,-1900.0
326,#7,Ivey,K754ovZBPt,1501.0,-174.0
326,#5,ebnn,82niKM9BBl,750.0,-750.0
326,#4,Solstice,VE6CjkevP7,2026.0,-449.0
326,#3,AM,aIHzyAxYDy,924.0,424.0
327,#9,Dinofeet,WDkEzb0PKB,1910.0,-1915.0
327,#7,Ivey,K754ovZBPt,1486.0,-189.0
327,#5,ebnn,82niKM9BBl,750.0,-750.0
327,#4,Solstice,VE6CjkevP7,2026.0,-449.0
327,#3,AM,aIHzyAxYDy,954.0,454.0
328,#9,Dinofeet,WDkEzb0PKB,1910.0,-1915.0
328,#7,Ivey,K754ovZBPt,1486.0,-189.0
328,#5,ebnn,82niKM9BBl,750.0,-750.0
328,#4,Solstice,VE6CjkevP7,2021.0,-454.0
328,#3,AM,aIHzyAxYDy,959.0,459.0
329,#9,Dinofeet,WDkEzb0PKB,1917.0,-1908.0
329,#7,Ivey,K754ovZBPt,1486.0,-189.0
329,#5,ebnn,82niKM9BBl,745.0,-755.0
329,#4,Solstice,VE6CjkevP7,2019.0,-456.0
329,#3,AM,aIHzyAxYDy,959.0,459.0
330,#9,Dinofeet,WDkEzb0PKB,1917.0,-1908.0
330,#7,Ivey,K754ovZBPt,1481.0,-194.0
330,#5,ebnn,82niKM9BBl,750.0,-750.0
330,#4,Solstice,VE6CjkevP7,2019.0,-456.0
330,#3,AM,aIHzyAxYDy,959.0,459.0
331,#9,Dinofeet,WDkEzb0PKB,1912.0,-1913.0
331,#7,Ivey,K754ovZBPt,1479.0,-196.0
331,#5,ebnn,82niKM9BBl,750.0,-750.0
331,#4,Solstice,VE6CjkevP7,2019.0,-456.0
331,#3,AM,aIHzyAxYDy,966.0,466.0
332,#9,Dinofeet,WDkEzb0PKB,1910.0,-1915.0
332,#7,Ivey,K754ovZBPt,1479.0,-196.0
332,#5,ebnn,82niKM9BBl,697.0,-803.0
332,#4,Solstice,VE6CjkevP7,2019.0,-456.0
332,#3,AM,aIHzyAxYDy,1021.0,521.0
333,#9,Dinofeet,WDkEzb0PKB,1910.0,-1915.0
333,#7,Ivey,K754ovZBPt,1479.0,-196.0
333,#5,ebnn,82niKM9BBl,697.0,-803.0
333,#4,Solstice,VE6CjkevP7,2069.0,-406.0
333,#3,AM,aIHzyAxYDy,971.0,471.0
334,#9,Dinofeet,WDkEzb0PKB,1910.0,-1915.0
334,#7,Ivey,K754ovZBPt,1467.0,-208.0
334,#5,ebnn,82niKM9BBl,692.0,-808.0
334,#4,Solstice,VE6CjkevP7,2086.0,-389.0
334,#3,AM,aIHzyAxYDy,971.0,471.0
335,#9,Dinofeet,WDkEzb0PKB,1895.0,-1930.0
335,#7,Ivey,K754ovZBPt,1447.0,-228.0
335,#5,ebnn,82niKM9BBl,625.0,-875.0
335,#4,Solstice,VE6CjkevP7,2071.0,-404.0
335,#3,AM,aIHzyAxYDy,1088.0,588.0
336,#9,Dinofeet,WDkEzb0PKB,1870.0,-1955.0
336,#7,Ivey,K754ovZBPt,1472.0,-203.0
336,#5,ebnn,82niKM9BBl,625.0,-875.0
336,#4,Solstice,VE6CjkevP7,2071.0,-404.0
336,#3,AM,aIHzyAxYDy,1088.0,588.0
337,#9,Dinofeet,WDkEzb0PKB,1868.0,-1957.0
337,#7,Ivey,K754ovZBPt,1457.0,-218.0
337,#5,ebnn,82niKM9BBl,625.0,-875.0
337,#4,Solstice,VE6CjkevP7,2071.0,-404.0
337,#3,AM,aIHzyAxYDy,1105.0,605.0
338,#9,Dinofeet,WDkEzb0PKB,1868.0,-1957.0
338,#7,Ivey,K754ovZBPt,1474.0,-201.0
338,#5,ebnn,82niKM9BBl,625.0,-875.0
338,#4,Solstice,VE6CjkevP7,2056.0,-419.0
338,#3,AM,aIHzyAxYDy,1103.0,603.0
339,#9,Dinofeet,WDkEzb0PKB,1868.0,-1957.0
339,#7,Ivey,K754ovZBPt,1474.0,-201.0
339,#5,ebnn,82niKM9BBl,620.0,-880.0
339,#4,Solstice,VE6CjkevP7,2054.0,-421.0
339,#3,AM,aIHzyAxYDy,1110.0,610.0
340,#9,Dinofeet,WDkEzb0PKB,1868.0,-1957.0
340,#7,Ivey,K754ovZBPt,1469.0,-206.0
340,#5,ebnn,82niKM9BBl,618.0,-882.0
340,#4,Solstice,VE6CjkevP7,2007.0,-468.0
340,#3,AM,aIHzyAxYDy,1164.0,664.0
341,#9,Dinofeet,WDkEzb0PKB,1863.0,-1962.0
341,#7,Ivey,K754ovZBPt,1467.0,-208.0
341,#5,ebnn,82niKM9BBl,625.0,-875.0
341,#4,Solstice,VE6CjkevP7,2007.0,-468.0
341,#3,AM,aIHzyAxYDy,1164.0,664.0
342,#9,Dinofeet,WDkEzb0PKB,1861.0,-1964.0
342,#7,Ivey,K754ovZBPt,1249.0,-426.0
342,#5,ebnn,82niKM9BBl,850.0,-650.0
342,#4,Solstice,VE6CjkevP7,2007.0,-468.0
342,#3,AM,aIHzyAxYDy,1159.0,659.0
343,#9,Dinofeet,WDkEzb0PKB,1882.0,-1943.0
343,#7,Ivey,K754ovZBPt,1235.0,-440.0
343,#5,ebnn,82niKM9BBl,850.0,-650.0
343,#4,Solstice,VE6CjkevP7,2002.0,-473.0
343,#3,AM,aIHzyAxYDy,1157.0,657.0
343,-1,ebnn,82niKM9BBl,865.0,-635.0
344,#9,Dinofeet,WDkEzb0PKB,1882.0,-1943.0
344,#7,Ivey,K754ovZBPt,1235.0,-440.0
344,#4,Solstice,VE6CjkevP7,1987.0,-488.0
344,#3,AM,aIHzyAxYDy,1157.0,657.0
345,#9,Dinofeet,WDkEzb0PKB,1882.0,-1943.0
345,#7,Ivey,K754ovZBPt,1235.0,-440.0
345,#4,Solstice,VE6CjkevP7,1987.0,-488.0
345,#3,AM,aIHzyAxYDy,1157.0,657.0
345,-1,Solstice,VE6CjkevP7,1987.0,-488.0
346,#9,Dinofeet,WDkEzb0PKB,1932.0,-1893.0
346,#7,Ivey,K754ovZBPt,1185.0,-490.0
346,#3,AM,aIHzyAxYDy,1157.0,657.0
347,#9,Dinofeet,WDkEzb0PKB,1872.0,-1953.0
347,#7,Ivey,K754ovZBPt,1250.0,-425.0
347,#3,AM,aIHzyAxYDy,1152.0,652.0
348,#9,Dinofeet,WDkEzb0PKB,1978.0,-1847.0
348,#7,Ivey,K754ovZBPt,1146.0,-529.0
348,#3,AM,aIHzyAxYDy,1150.0,650.0
349,#9,Dinofeet,WDkEzb0PKB,1958.0,-1867.0
349,#7,Ivey,K754ovZBPt,1116.0,-559.0
349,#3,AM,aIHzyAxYDy,1200.0,700.0
350,#9,Dinofeet,WDkEzb0PKB,1956.0,-1869.0
350,#7,Ivey,K754ovZBPt,1123.0,-552.0
350,#3,AM,aIHzyAxYDy,1195.0,695.0
351,#9,Dinofeet,WDkEzb0PKB,2422.0,-1403.0
351,#7,Ivey,K754ovZBPt,659.0,-1016.0
351,#3,AM,aIHzyAxYDy,1193.0,693.0
351,-1,AM,aIHzyAxYDy,1193.0,693.0
352,#9,Dinofeet,WDkEzb0PKB,2496.0,-1329.0
352,#7,Ivey,K754ovZBPt,585.0,-1090.0
353,#9,Dinofeet,WDkEzb0PKB,2518.0,-1307.0
353,#7,Ivey,K754ovZBPt,563.0,-1112.0
354,#9,Dinofeet,WDkEzb0PKB,2506.0,-1319.0
354,#7,Ivey,K754ovZBPt,575.0,-1100.0
355,#9,Dinofeet,WDkEzb0PKB,2501.0,-1324.0
355,#7,Ivey,K754ovZBPt,580.0,-1095.0
356,#9,Dinofeet,WDkEzb0PKB,2661.0,-1164.0
356,#7,Ivey,K754ovZBPt,420.0,-1255.0
357,#9,Dinofeet,WDkEzb0PKB,2661.0,-1164.0
357,#7,Ivey,K754ovZBPt,420.0,-1255.0
358,#9,Dinofeet,WDkEzb0PKB,2673.0,-1152.0
358,#7,Ivey,K754ovZBPt,408.0,-1267.0
359,#9,Dinofeet,WDkEzb0PKB,2675.0,-1150.0
359,#7,Ivey,K754ovZBPt,406.0,-1269.0
360,#9,Dinofeet,WDkEzb0PKB,2673.0,-1152.0
360,#7,Ivey,K754ovZBPt,408.0,-1267.0
361,#9,Dinofeet,WDkEzb0PKB,2661.0,-1164.0
361,#7,Ivey,K754ovZBPt,420.0,-1255.0
362,#9,Dinofeet,WDkEzb0PKB,2731.0,-1094.0
362,#7,Ivey,K754ovZBPt,350.0,-1325.0
363,#9,Dinofeet,WDkEzb0PKB,2743.0,-1082.0
363,#7,Ivey,K754ovZBPt,338.0,-1337.0
364,#9,Dinofeet,WDkEzb0PKB,2733.0,-1092.0
364,#7,Ivey,K754ovZBPt,348.0,-1327.0
365,#9,Dinofeet,WDkEzb0PKB,2728.0,-1097.0
365,#7,Ivey,K754ovZBPt,353.0,-1322.0
366,#9,Dinofeet,WDkEzb0PKB,2726.0,-1099.0
366,#7,Ivey,K754ovZBPt,355.0,-1320.0
366,-1,Ivey,K754ovZBPt,0.0,-1675.0
